1	564	0,0	0,0	Ah, there you are. / Your dedicated work in my LAB / has been much appreciated. / And now, your fieldwork / assignment is about to begin.
2	912	0,0	0,0	As you know, at the heart of / my research is the relationship / between POKéMON and people...
3	1206	0,0	0,0	...How they grow together / through trust, battle, / friendship... / Even evolution may be shaped / by those bonds.
4	1524	0,0	0,0	But to understand this, you / need to go where they live. / The towns, forests, caves, / shorelines, and old ruins. / I am too old for fieldwork now, / but you are just the right age / for this expedition.
5	17820	0,0	0,0	Now tell me for your / FIELD AIDE record.
6	18012	0,0	0,0	Are you a boy or a girl?
7	18150	0,0	0,0	And how do you spell / your name?
8	18630	0,0	0,0	Right… / AAAAAAA.
9	18810	0,0	0,0	This is my grandson. / Like you, he has been helping / with my research here in / PALLET TOWN. / His name is...
10	41040	0,0	0,0	His name is AAAAAAA?
11	41136	0,0	0,0	Yes. / His name is AAAAAAA. /
12	41340	0,0	0,0	AAAAAAA! / KANTO is waiting beyond the LAB. / Observe carefully, learn directly, / and trust the POKéMON at your side. / Your fieldwork begins now.
13	42006	4,1	6,6	AAAAAAA played with the NES. / …Okay! / It’s time to go!
14	184968	4,0	9,4	MOM: …Right. / All boys leave home someday. / It said so on TV. / Oh, yes. PROF. OAK, next door, was / looking for you.
15	314520	4,3	5,5	AAAAAAA: What, it’s only AAAAAAA? / Gramps isn’t around.
16	350652	3,0	12,1	OAK: Wait! / Don’t leave yet!
17	351018	3,0	12,1	OAK: It’s unsafe! / POKéMON live in tall grass. / You need your own POKéMON for / your protection. / Come with me.
18	352038	4,3	6,4	AAAAAAA: Gramps! / I’m fed up with waiting!
19	374646	4,3	6,4	OAK: Ah, AAAAAAA! / Good, you’re both here. / You have both helped in this LAB / for some time. / This summer, I need you as / field aides. / It is time you studied KANTO / directly, beyond the LAB.
20	375282	4,3	6,4	AAAAAAA: If we’re doing fieldwork, / then we need POKéMON.
21	375456	4,3	6,4	OAK: Exactly, AAAAAAA. / Fieldwork cannot be done safely / without partners of your own. / These 3 were recently sent / to me by another researcher in ALOLA. / My cousin SAMSON OAK. / They’re young, but they’re / bright, adaptable, and well suited / for fieldwork. / Choose carefully.
22	376296	4,3	6,4	OAK: Make your choice.
23	397944	4,3	8,5	I see! BULBASAUR is your choice. / It’s very easy to raise. / So, AAAAAAA, you want to go with / the GRASS POKéMON BULBASAUR?
24	417096	4,3	8,5	This POKéMON is really quite / energetic!
25	417696	4,3	8,5	AAAAAAA received the BULBASAUR / from PROF. OAK!
26	418056	4,3	8,5	Do you want to give a nickname to / this BULBASAUR?
27	437388	4,3	8,5	AAAAAAA: I’ll take this one, then!
28	437526	4,3	8,5	AAAAAAA received the CHARMANDER / from PROF. OAK!
29	439230	4,3	6,8	AAAAAAA: Wait, AAAAAAA! / Let’s check out our POKéMON! / Come on, I’ll take you on!
30	442884	4,3	6,8	WHAT? / Unbelievable! / I picked the wrong POKéMON!
31	443280	4,3	6,8	OAK: That’s enough.
32	443418	4,3	6,8	OAK: Both of you, over here. / There’s something important / you need to hear before / you begin.
33	443964	4,3	6,4	OAK: I have a request for you two.
34	444150	4,3	6,4	On the desk here is my / invention, the POKéDEX! / It records the POKéMON you see / and catch. / It’ll help us understand how / they live across KANTO.
35	444588	4,3	6,4	OAK: AAAAAAA and AAAAAAA. / Take these with you. / Record what you find and / come back wiser.
36	444930	4,3	6,4	AAAAAAA received the POKéDEX / from PROF. OAK.
37	445104	4,3	6,4	OAK: Seeing POKéMON is useful, / but catching them teaches you more. / Travel with them. / Battle with them. / That is how real understanding / begins. / Take these POKé BALLS with you.
38	445626	4,3	6,4	AAAAAAA received five POKé BALLS!
39	445770	4,3	6,4	AAAAAAA put the POKé BALLS / in the POKé BALLS.
40	445926	4,3	6,4	OAK: Pay attention to how the / GYM LEADERS treat their POKéMON. / There is more to learn than / strength alone. / I also study rare POKéMON whose / instincts exceed ordinary limits. / I call them APEX POKéMON. / Listen to local accounts and / compare three in your LOGBOOK. / Together, they may reveal where / an APEX POKéMON can be found. / Be ready before you challenge one. / If you flee from its battle, / it will leave for good.
41	447102	4,3	6,4	AAAAAAA: Heh. Fine by me. / I’ll be finished learning / everything worth knowing before / you’ve even caught up. / Try not to fall too far behind.
42	447516	4,3	6,4	OAK: We’ll see. / Power and understanding / rarely arrive at the same time. / Off you go, then. / Your expedition begins now.
43	588348	3,11	12,6	I like watching the aides from / PALLET study the grass here. / Let me see how your POKéMON / moves through it!
44	751710	4,0	8,5	AAAAAAA scurried back home, protecting / the exhausted and fainted POKéMON from / further harm… /
45	751836	4,0	8,5	MOM: AAAAAAA! / Welcome home. / It sounds like you had quite / an experience. / Maybe you should take a quick / rest.
46	752400	4,0	8,5	MOM: Oh, good! You and your / POKéMON are looking great. / I just heard from PROF. OAK. / He said that POKéMON’s energy is / measured in HP. / If your POKéMON lose their HP, / you can restore them at any / POKéMON CENTER. / If you’re going to travel far away, / the smart TRAINER stocks up on / POTIONS at the POKéMON MART. / Make me proud, honey! / Take care!
47	753426	4,0	8,5	MOM: AAAAAAA! / You should take a quick rest.
48	753780	4,0	8,5	MOM: Oh, good! You and your / POKéMON are looking great. / Take care now!
49	754026	4,0	8,5	MOM: AAAAAAA! / You should take a quick rest.
50	754380	4,0	8,5	MOM: Oh, good! You and your / POKéMON are looking great. / Take care now!
51	754626	4,0	8,5	MOM: AAAAAAA! / You should take a quick rest.
52	754980	4,0	8,5	MOM: Oh, good! You and your / POKéMON are looking great. / Take care now!
53	755226	4,0	8,5	MOM: AAAAAAA! / You should take a quick rest.
54	755580	4,0	8,5	MOM: Oh, good! You and your / POKéMON are looking great. / Take care now!
55	755826	4,0	8,5	MOM: AAAAAAA! / You should take a quick rest.
56	756180	4,0	8,5	MOM: Oh, good! You and your / POKéMON are looking great. / Take care now!
57	756426	4,0	8,5	MOM: AAAAAAA! / You should take a quick rest.
58	756780	4,0	8,5	MOM: Oh, good! You and your / POKéMON are looking great. / Take care now!
59	757026	4,0	8,5	MOM: AAAAAAA! / You should take a quick rest.
60	757380	4,0	8,5	MOM: Oh, good! You and your / POKéMON are looking great. / Take care now!
61	757626	4,0	8,5	MOM: AAAAAAA! / You should take a quick rest.
62	757980	4,0	8,5	MOM: Oh, good! You and your / POKéMON are looking great. / Take care now!
63	758226	4,0	8,5	MOM: AAAAAAA! / You should take a quick rest.
64	758580	4,0	8,5	MOM: Oh, good! You and your / POKéMON are looking great. / Take care now!
65	758826	4,0	8,5	MOM: AAAAAAA! / You should take a quick rest.
66	759180	4,0	8,5	MOM: Oh, good! You and your / POKéMON are looking great. / Take care now!
67	759426	4,0	8,5	MOM: AAAAAAA! / You should take a quick rest.
68	759780	4,0	8,5	MOM: Oh, good! You and your / POKéMON are looking great. / Take care now!
69	760026	4,0	8,5	MOM: AAAAAAA! / You should take a quick rest.
70	760380	4,0	8,5	MOM: Oh, good! You and your / POKéMON are looking great. / Take care now!
71	760626	4,0	8,5	MOM: AAAAAAA! / You should take a quick rest.
72	760980	4,0	8,5	MOM: Oh, good! You and your / POKéMON are looking great. / Take care now!
73	761226	4,0	8,5	MOM: AAAAAAA! / You should take a quick rest.
74	761580	4,0	8,5	MOM: Oh, good! You and your / POKéMON are looking great. / Take care now!
75	761826	4,0	8,5	MOM: AAAAAAA! / You should take a quick rest.
76	762180	4,0	8,5	MOM: Oh, good! You and your / POKéMON are looking great. / Take care now!
77	762426	4,0	8,5	MOM: AAAAAAA! / You should take a quick rest.
78	762780	4,0	8,5	MOM: Oh, good! You and your / POKéMON are looking great. / Take care now!
79	763026	4,0	8,5	MOM: AAAAAAA! / You should take a quick rest.
80	763380	4,0	8,5	MOM: Oh, good! You and your / POKéMON are looking great. / Take care now!
81	763626	4,0	8,5	MOM: AAAAAAA! / You should take a quick rest.
82	763980	4,0	8,5	MOM: Oh, good! You and your / POKéMON are looking great. / Take care now!
83	764226	4,0	8,5	MOM: AAAAAAA! / You should take a quick rest.
84	764580	4,0	8,5	MOM: Oh, good! You and your / POKéMON are looking great. / Take care now!
85	764826	4,0	8,5	MOM: AAAAAAA! / You should take a quick rest.
86	765180	4,0	8,5	MOM: Oh, good! You and your / POKéMON are looking great. / Take care now!
87	765426	4,0	8,5	MOM: AAAAAAA! / You should take a quick rest.
88	765780	4,0	8,5	MOM: Oh, good! You and your / POKéMON are looking great. / Take care now!
89	766026	4,0	8,5	MOM: AAAAAAA! / You should take a quick rest.
90	766380	4,0	8,5	MOM: Oh, good! You and your / POKéMON are looking great. / Take care now!
91	766626	4,0	8,5	MOM: AAAAAAA! / You should take a quick rest.
92	766980	4,0	8,5	MOM: Oh, good! You and your / POKéMON are looking great. / Take care now!
93	767226	4,0	8,5	MOM: AAAAAAA! / You should take a quick rest.
94	767580	4,0	8,5	MOM: Oh, good! You and your / POKéMON are looking great. / Take care now!
95	767826	4,0	8,5	MOM: AAAAAAA! / You should take a quick rest.
96	768180	4,0	8,5	MOM: Oh, good! You and your / POKéMON are looking great. / Take care now!
97	768426	4,0	8,5	MOM: AAAAAAA! / You should take a quick rest.
98	768780	4,0	8,5	MOM: Oh, good! You and your / POKéMON are looking great. / Take care now!
99	769026	4,0	8,5	MOM: AAAAAAA! / You should take a quick rest.
100	769380	4,0	8,5	MOM: Oh, good! You and your / POKéMON are looking great. / Take care now!
101	769626	4,0	8,5	MOM: AAAAAAA! / You should take a quick rest.
102	769980	4,0	8,5	MOM: Oh, good! You and your / POKéMON are looking great. / Take care now!
103	770226	4,0	8,5	MOM: AAAAAAA! / You should take a quick rest.
104	770580	4,0	8,5	MOM: Oh, good! You and your / POKéMON are looking great. / Take care now!
105	770826	4,0	8,5	MOM: AAAAAAA! / You should take a quick rest.
106	771180	4,0	8,5	MOM: Oh, good! You and your / POKéMON are looking great. / Take care now!
107	771426	4,0	8,5	MOM: AAAAAAA! / You should take a quick rest.
108	771780	4,0	8,5	MOM: Oh, good! You and your / POKéMON are looking great. / Take care now!
109	772026	4,0	8,5	MOM: AAAAAAA! / You should take a quick rest.
110	772380	4,0	8,5	MOM: Oh, good! You and your / POKéMON are looking great. / Take care now!
111	772626	4,0	8,5	MOM: AAAAAAA! / You should take a quick rest.
112	772980	4,0	8,5	MOM: Oh, good! You and your / POKéMON are looking great. / Take care now!
113	868338	3,11	12,8	I like watching the aides from / PALLET study the grass here. / Let me see how your POKéMON / moves through it!
114	871224	3,11	12,8	You and your POKéMON move so well / together!
115	873918	3,1	20,13	My father once told me he / ventured deep into VIRIDIAN / FOREST. / He heard the grumbling growls of / a shadowy figure lurking within.
116	874758	3,1	20,13	Rumour recorded. / Compare three accounts in your / LOGBOOK to find an APEX POKéMON. / If you flee from its battle, / it will leave for good.
117	946344	3,12	10,77	AAAAAAA: Ha! Hey, AAAAAAA. / Bet you’re heading to PEWTER! / Still thinking like a tourist, / huh? / Everyone acts like KANTO is / one straight road. / There are better leads through / DIGLETT’S CAVE, VIRIDIAN / CHANNEL, and the ferry south / of PALLET. / So, go on. / Pick the obvious road if you want. / I’ll be doing actual fieldwork.
118	993426	3,12	7,53	I’m too scared to enter / VIRIDIAN FOREST. / Legends tell of the forest / coming alive and ensnaring the / wicked, never to be seen again.
119	994326	3,12	7,53	Rumour updated.
120	1020468	1,0	44,62	VIRIDIAN FOREST
121	1057644	1,0	5,48	ERIKA: Oh, hello. / I came to VIRIDIAN FOREST in / search of an ENERGY ROOT. / Roots are quiet things, yet they / bind a whole garden together. / A root grown here is said to heal / because the forest shares its / strength as one family. / I am certain one can be found / somewhere nearby.
122	1147686	1,0	20,45	This AROMA LADY knows / VIRIDIAN FOREST well!
123	1151904	1,0	20,45	VIRIDIAN FOREST wins today!
124	1152246	1,0	20,45	The flowers in VIRIDIAN FOREST / are so beautiful. / They seem more vibrant and grow / in number the closer you get to / the centre of the forest. / Almost like something is drawing / them inward.
125	1152786	1,0	20,45	Rumour updated.
126	1152936	1,0	20,45	The flowers in VIRIDIAN FOREST / are so beautiful. / They seem more vibrant and grow / in number the closer you get to / the centre of the forest. / Almost like something is drawing / them inward.
127	1244256	1,0	34,33	GREEEAOW!
128	1246824	1,0	34,33	OAK: The POKéDEX signal was / almost swallowed by the forest. / So the old stories were not just / stories. / TANGROWTH may be instinct / given root and vine.
129	1464816	1,0	20,43	Do what with this ウエ?
130	1498506	1,0	20,43	Do what with an item?
131	1517706	1,0	20,43	Received the ENERGY ROOT / from CHARIZARD.Ì
132	1560084	1,0	5,48	ERIKA: Oh! / That ENERGY ROOT is splendid. / See how many tiny roots gather / into one strong whole? / It reminds me that families, / friends, and communities grow / best together. / If I could find one of my own, I / would gladly return to the GYM.
133	1561392	1,0	6,48	ERIKA! / I am so glad I found you! / And look, I found an ENERGY ROOT / on the way here. / It was tucked among other roots, / all holding the soil together.
134	1561824	1,0	6,48	GYM AIDE: Before you battle, / remember ERIKA uses GRASS types. / FIRE, ICE, FLYING, BUG and POISON / moves are strong against GRASS. / A second type can change that. / Watch out for status moves, too!
135	1562364	1,0	6,48	ERIKA: How fortunate. / That is just the lesson I hoped / this forest would offer. / Some POKéMON bloom only when / friendship has taken root. / That kind of evolution is a bond, / not merely a change in form. / Before I return, may I ask you for / a proper GYM challenge? / With my GYM GUIDE present, the / match will be official.
136	1563240	1,0	6,48	Very well. / Show me how friendship has helped / your POKéMON grow. / Let us begin.ÎカÀ
137	1595454	1,0	6,48	Oh! / I concede defeat.
138	1595784	1,0	6,48	ERIKA: You are remarkably strong. / This battle was witnessed, so it / shall stand as your GYM challenge. / I must confer on you the / RAINBOWBADGE. / áÎÇÀË / Ëカね / I saw trust in the way your / POKéMON stood with you. / Friendship can guide evolution / as surely as sunlight guides / a bud into bloom. / Please come to CELADON GYM. / There, I will give a reward for / the growth you have shown.
139	1597176	1,0	6,48	AAAAAAA received the RAINBOW KEY / from ERIKA.
140	1597344	1,0	6,48	AAAAAAA put the RAINBOW KEY / in the KEY ITEMS.
141	1597476	1,0	6,48	The RAINBOW KEY opens the / BERRY PATCH next door to / CELADON GYM. / Please feel free to pick the / berries growing there.
142	1620456	1,0	6,48	ÀÁÂÂAAAAAAA
143	1620462	1,0	6,48	Would you like to save the game?
144	1635996	1,0	6,48	WARNING! / There is a different game file that / is already saved. / If you save now, the other file’s / adventure, including items and / POKéMON, will be entirely lost. / Are you sure you want to save now / and overwrite the other save file?
145	1724496	1,0	6,48	SAVING… / DON’T TURN OFF THE POWER.
146	1724874	1,0	6,48	AAAAAAA saved the game.
1	23292	1,0	6,22	Hey, wait up! / What’s the hurry? Why the rush?
2	26574	1,0	6,22	I give! / You’re good at this!
3	27048	1,0	6,13	LEAVING VIRIDIAN FOREST / PEWTER CITY AHEAD
4	52134	6,2	6,14	BROCK’s out in MT. MOON right now, / searching for fossils! You should / go find him there.
5	146322	3,13	14,5	MT. MOON is ahead, so I’m training / on every rocky patch I can find! / Battle me!
6	149184	3,13	14,5	I slipped up!
7	149742	3,13	25,5	The trail gets rockier from here. / Step carefully!
8	152574	3,13	25,5	You found your footing!
9	219612	3,14	17,6	I tripped on a GEODUDE earlier, / but I’m not going home! / ROUTE 4 made me tougher!
10	222474	3,14	17,6	I still stumbled!
11	332424	1,2	4,18	Hey, watch your step. These tunnels / are unstable... but that’s where the / good finds are. / You’re not just passing through, / are you? / You’ve got that look... / like you’re searching for something. / This place is full of them- / fragments of ancient POKéMON. / One fragment on its own doesn’t / tell you much... / but combine the right ones... / ...and you might get something close / to what used to live here. / If you find a fossil around / here, show it to me. / I’d like to see what you’re made of!
12	334470	1,2	6,13	AAAAAAA found one HELIX FOSSIL!
13	334602	1,2	6,13	AAAAAAA put the HELIX FOSSIL / in the ITEMS.
14	384516	1,2	4,18	That’s a HELIX FOSSIL! / Sharp ridges... light structure... / This belonged to something built / for speed. / Good eye. You found something / with real historical value.
15	385536	1,2	4,18	BROCK gave you a / DART FOSSIL.
16	385680	1,2	4,18	AAAAAAA put the DART FOSSIL / in the ITEMS.
17	385806	1,2	4,18	You’ve got a good eye. / Meet me back at the PEWTER GYM. / There’s something I want to show / you about evolution.
18	546594	6,2	7,13	Ah, BROCK’s back from MT. MOON! / Looks like your fossil hunting / gave him something to think about. / Want some advice before you / challenge him?
19	547488	6,2	7,13	All right! / Let’s dig deep!
20	547578	6,2	7,13	BROCK uses ROCK-type POKéMON. / They resist NORMAL and FIRE. / Don’t rely on brute force. / WATER and GRASS moves are / especially effective. / GROUND moves can also / break through their defense.
21	548118	6,2	7,13	Ah, BROCK’s back from MT. MOON! / Looks like your fossil hunting / gave him something to think about. / Want some advice before you / challenge him?
22	548538	6,2	7,13	All right! / Let’s dig deep!
23	548628	6,2	7,13	BROCK uses ROCK-type POKéMON. / They resist NORMAL and FIRE. / Don’t rely on brute force. / WATER and GRASS moves are / especially effective. / GROUND moves can also / break through their defense.
24	549168	6,2	7,13	Ah, BROCK’s back from MT. MOON! / Looks like your fossil hunting / gave him something to think about. / Want some advice before you / challenge him?
25	549588	6,2	7,13	All right! / Let’s dig deep!
26	549678	6,2	7,13	BROCK uses ROCK-type POKéMON. / They resist NORMAL and FIRE. / Don’t rely on brute force. / WATER and GRASS moves are / especially effective. / GROUND moves can also / break through their defense.
27	550470	6,2	6,6	So, we meet again. / Back in MT. MOON, I didn’t / introduce myself properly. / I’m BROCK. / PEWTER CITY’s GYM LEADER. / You showed a keen eye for / fossils out there. / But finding fragments is only / part of the story. / Understanding how they connect... / that’s where true strength lies. / There’s something I want to show / you about evolution. / But first-you’ll have to / defeat me in battle. / Let’s see what you’ve learned!ÎカÀ
28	555684	6,2	6,6	Do what with this ウエ?
29	555714	6,2	6,6	CHARIZARD is already / in battle!Ì
30	555834	6,2	6,6	Do what with this ウエ?
31	555864	6,2	6,6	CHARIZARD is already / in battle!Ì
32	555984	6,2	6,6	Do what with this ウエ?
33	556014	6,2	6,6	CHARIZARD is already / in battle!Ì
34	556134	6,2	6,6	Do what with this ウエ?
35	556164	6,2	6,6	CHARIZARD is already / in battle!Ì
36	556284	6,2	6,6	Do what with this ウエ?
37	556314	6,2	6,6	CHARIZARD is already / in battle!Ì
38	556434	6,2	6,6	Do what with this ウエ?
39	556464	6,2	6,6	CHARIZARD is already / in battle!Ì
40	556584	6,2	6,6	Do what with this ウエ?
41	556614	6,2	6,6	CHARIZARD is already / in battle!Ì
42	556734	6,2	6,6	Do what with this ウエ?
43	556764	6,2	6,6	CHARIZARD is already / in battle!Ì
44	556884	6,2	6,6	Do what with this ウエ?
45	556914	6,2	6,6	CHARIZARD is already / in battle!Ì
46	557034	6,2	6,6	Do what with this ウエ?
47	557064	6,2	6,6	CHARIZARD is already / in battle!Ì
48	557184	6,2	6,6	Do what with this ウエ?
49	557214	6,2	6,6	CHARIZARD is already / in battle!Ì
50	557334	6,2	6,6	Do what with this ウエ?
51	557364	6,2	6,6	CHARIZARD is already / in battle!Ì
52	557484	6,2	6,6	Do what with this ウエ?
53	557514	6,2	6,6	CHARIZARD is already / in battle!Ì
54	557634	6,2	6,6	Do what with this ウエ?
55	557664	6,2	6,6	CHARIZARD is already / in battle!Ì
56	557784	6,2	6,6	Do what with this ウエ?
57	557814	6,2	6,6	CHARIZARD is already / in battle!Ì
58	557934	6,2	6,6	Do what with this ウエ?
59	557964	6,2	6,6	CHARIZARD is already / in battle!Ì
60	558084	6,2	6,6	Do what with this ウエ?
61	558114	6,2	6,6	CHARIZARD is already / in battle!Ì
62	558234	6,2	6,6	Do what with this ウエ?
63	558264	6,2	6,6	CHARIZARD is already / in battle!Ì
64	558384	6,2	6,6	Do what with this ウエ?
65	558414	6,2	6,6	CHARIZARD is already / in battle!Ì
66	558534	6,2	6,6	Do what with this ウエ?
67	558564	6,2	6,6	CHARIZARD is already / in battle!Ì
68	558684	6,2	6,6	Do what with this ウエ?
69	558714	6,2	6,6	CHARIZARD is already / in battle!Ì
70	558834	6,2	6,6	Do what with this ウエ?
71	558864	6,2	6,6	CHARIZARD is already / in battle!Ì
72	558984	6,2	6,6	Do what with this ウエ?
73	559014	6,2	6,6	CHARIZARD is already / in battle!Ì
74	559134	6,2	6,6	Do what with this ウエ?
75	559164	6,2	6,6	CHARIZARD is already / in battle!Ì
76	559284	6,2	6,6	Do what with this ウエ?
77	559314	6,2	6,6	CHARIZARD is already / in battle!Ì
78	559434	6,2	6,6	Do what with this ウエ?
79	559464	6,2	6,6	CHARIZARD is already / in battle!Ì
80	559584	6,2	6,6	Do what with this ウエ?
81	559614	6,2	6,6	CHARIZARD is already / in battle!Ì
82	559734	6,2	6,6	Do what with this ウエ?
83	559764	6,2	6,6	CHARIZARD is already / in battle!Ì
84	559884	6,2	6,6	Do what with this ウエ?
85	559914	6,2	6,6	CHARIZARD is already / in battle!Ì
86	560034	6,2	6,6	Do what with this ウエ?
87	560064	6,2	6,6	CHARIZARD is already / in battle!Ì
88	560184	6,2	6,6	Do what with this ウエ?
89	560214	6,2	6,6	CHARIZARD is already / in battle!Ì
90	560334	6,2	6,6	Do what with this ウエ?
91	560364	6,2	6,6	CHARIZARD is already / in battle!Ì
92	560484	6,2	6,6	Do what with this ウエ?
93	560514	6,2	6,6	CHARIZARD is already / in battle!Ì
94	560634	6,2	6,6	Do what with this ウエ?
95	560664	6,2	6,6	CHARIZARD is already / in battle!Ì
96	560784	6,2	6,6	Do what with this ウエ?
97	560814	6,2	6,6	CHARIZARD is already / in battle!Ì
98	560934	6,2	6,6	Do what with this ウエ?
99	560964	6,2	6,6	CHARIZARD is already / in battle!Ì
100	561084	6,2	6,6	Do what with this ウエ?
101	561114	6,2	6,6	CHARIZARD is already / in battle!Ì
102	561234	6,2	6,6	Do what with this ウエ?
103	561264	6,2	6,6	CHARIZARD is already / in battle!Ì
104	561384	6,2	6,6	Do what with this ウエ?
105	561414	6,2	6,6	CHARIZARD is already / in battle!Ì
106	561534	6,2	6,6	Do what with this ウエ?
107	561564	6,2	6,6	CHARIZARD is already / in battle!Ì
108	561684	6,2	6,6	Do what with this ウエ?
109	561714	6,2	6,6	CHARIZARD is already / in battle!Ì
110	561834	6,2	6,6	Do what with this ウエ?
111	561864	6,2	6,6	CHARIZARD is already / in battle!Ì
112	561984	6,2	6,6	Do what with this ウエ?
113	562014	6,2	6,6	CHARIZARD is already / in battle!Ì
114	622086	6,2	6,6	Do what with this ウエ?
115	641934	6,2	6,6	I took you for granted... / and I lost. / You understood more than / just the battle.
116	642420	6,2	6,6	Wait. / Take this- / the BOULDERBADGE. / And with it, the key to / the CINNABAR LAB.
117	642666	6,2	6,6	AAAAAAA received the BOULDER KEY / from BROCK.
118	642834	6,2	6,6	AAAAAAA put the BOULDER KEY / in the KEY ITEMS.
119	642966	6,2	6,6	The BOULDERBADGE grants access / to the CINNABAR LAB. / That’s where fossils are studied / and restored. / But fossils aren’t the only way / to study the past. / Some POKéMON never vanished. / They still live... unchanged. / Deep below ROCK TUNNEL, / ancient waters shelter POKéMON / older than anything restored. / Find one. Bring it to me. / Then I’ll show you another kind / of evolution.
120	644046	6,2	6,6	Now watch closely. / Some evolution happens through / interaction between TRAINERS. / Will you trade your ancient / POKéMON for my GRAVELER?
121	644610	6,2	6,6	That’s not the POKéMON / I was hoping to study. / Look for one that has lived / unchanged since ancient times.
122	644946	6,2	6,6	Now watch closely. / Some evolution happens through / interaction between TRAINERS. / Will you trade your ancient / POKéMON for my GRAVELER?
123	645474	6,2	6,6	That’s not the POKéMON / I was hoping to study. / Look for one that has lived / unchanged since ancient times.
124	645786	6,2	6,6	Now watch closely. / Some evolution happens through / interaction between TRAINERS. / Will you trade your ancient / POKéMON for my GRAVELER?
125	646314	6,2	6,6	That’s not the POKéMON / I was hoping to study. / Look for one that has lived / unchanged since ancient times.
126	646626	6,2	6,6	Now watch closely. / Some evolution happens through / interaction between TRAINERS. / Will you trade your ancient / POKéMON for my GRAVELER?
127	647154	6,2	6,6	That’s not the POKéMON / I was hoping to study. / Look for one that has lived / unchanged since ancient times.
128	647466	6,2	6,6	Now watch closely. / Some evolution happens through / interaction between TRAINERS. / Will you trade your ancient / POKéMON for my GRAVELER?
129	648030	6,2	6,6	That’s not the POKéMON / I was hoping to study. / Look for one that has lived / unchanged since ancient times.
130	648366	6,2	6,6	Now watch closely. / Some evolution happens through / interaction between TRAINERS. / Will you trade your ancient / POKéMON for my GRAVELER?
131	648900	6,2	6,6	That’s not the POKéMON / I was hoping to study. / Look for one that has lived / unchanged since ancient times.
132	649236	6,2	6,6	Now watch closely. / Some evolution happens through / interaction between TRAINERS. / Will you trade your ancient / POKéMON for my GRAVELER?
133	649770	6,2	6,6	That’s not the POKéMON / I was hoping to study. / Look for one that has lived / unchanged since ancient times.
134	650106	6,2	6,6	Now watch closely. / Some evolution happens through / interaction between TRAINERS. / Will you trade your ancient / POKéMON for my GRAVELER?
135	650670	6,2	6,6	That’s not the POKéMON / I was hoping to study. / Look for one that has lived / unchanged since ancient times.
136	651006	6,2	6,6	Now watch closely. / Some evolution happens through / interaction between TRAINERS. / Will you trade your ancient / POKéMON for my GRAVELER?
137	651570	6,2	6,6	That’s not the POKéMON / I was hoping to study. / Look for one that has lived / unchanged since ancient times.
138	830934	1,1	43,7	There’s something furious and / hurt deep within this cave. / I can feel it losing control. / Maybe I should head home.
139	831714	1,1	43,7	Rumour recorded. / Compare three accounts in your / LOGBOOK to find an APEX POKéMON. / If you flee from its battle, / it will leave for good.
140	1504062	7,5	8,16	Hold up! / MISTY’s away from the GYM. / She’s investigating the water / currents running through / ROCK TUNNEL.
141	1891062	7,1	2,2	An enormous POKéMON barged in / through the wall! / It was shaking with rage. / Completely unstoppable! / Lucky for us, it rampaged out / the door and headed west, / toward MT. MOON.
142	1892052	7,1	2,2	Rumour updated.
143	1894404	3,19	47,23	A SCOUT checks the ledges before / anyone gets careless. / ROUTE 9 has plenty to check!
144	1897314	3,19	47,23	You stayed sure-footed!
145	2412672	3,19	52,17	This mountain path makes every / battle hit harder! / Loose stones, tight turns- / perfect balance training!
146	2415534	3,19	52,17	You hit harder!
147	2416890	3,20	9,19	I can see the bridge to / ROUTE 25 from up here! / Race me before the shore bends!
148	2419974	3,20	9,19	You took the bend faster!
149	2420598	3,20	15,23	The bridge up north makes / this place feel secret. / Like a beach hiding under / all the cliffs!
150	2423634	3,20	15,23	You splashed right past me!
151	2452530	1,76	17,2	ROCK TUNNEL
152	2497308	1,76	26,10	POKéMON fight! / Ready, go!
153	2499984	1,76	26,10	Game over! / The tunnel swallowed my strategy.
154	2504004	1,77	29,36	I draw illustrations of POKéMON / when I’m home.
155	2505924	1,77	29,36	Whew… / I’m exhausted…
156	2508360	1,77	24,23	Um… Do you know about POKéMON / cosplay?
157	2510904	1,77	24,23	Well, that’s that.
158	2514150	1,77	36,12	My POKéMON techniques will leave / you crying!
159	2515794	1,77	36,12	I give! / You’re a better technician!
160	2516790	1,76	7,6	This tunnel goes a long way, kid!
161	2520924	1,76	7,6	Doh! / You handled the tunnel better than / I did!
162	2554836	1,89	11,8	Oh, hey! / You’re all the way out here, too? / The POWER PLANT’s been having / wild electrical surges lately. / I think underground currents in / ROCK TUNNEL are feeding into it. / There’s a POWER STATION up ahead, / but this tunnel splits around it. / Could you scout ahead and tell me / which direction I should take?
163	2582874	1,89	11,8	Which way should I take from here?
164	2605686	1,89	11,8	LEFT? / Got it! I’ll test that current.
165	2606418	1,89	11,8	No good! / The current that way is too strong. / It loops back on itself. / Which way should I try?
166	2657586	1,89	11,8	Which way should I take from here?
167	2657976	1,89	11,8	RIGHT? / All right, I’ll follow that flow.
168	2661054	1,89	18,20	Thanks for guiding me here! / I’ve got this generator stable / again. / But there are more surges ahead. / I’m going to follow the current.
169	2711286	1,89	7,38	I can hear you through the wall! / There’s a waterfall ahead, and I / can see the current branching. / Could you scout for me again and / tell me which way to take?
170	2722926	1,89	7,38	Which way should I take from here?
171	2723316	1,89	7,38	RIGHT? / Got it! I’ll check that branch.
172	2750124	1,89	26,41	That steadied another surge! / There’s still one more current / pulling deeper into the tunnel. / I’m going to follow the opening / and see where it branches.
173	2792220	1,89	52,17	There you are! / This exit leads past the second / generator’s current. / I just need to reach the last / generator now. / Which way should I take?
174	2792790	1,89	52,17	LEFT? / Got it! I’ll follow that path.
175	2816340	1,89	43,22	That’s it! / The POWER PLANT is fixed, and / the currents are calm again. / All this work brought positive / change to ROCK TUNNEL. / I’m heading back to the GYM. / Come find me there, okay? / I’ve got something interesting / about evolution to show you.
176	2947476	3,19	26,12	The climb to ROCK TUNNEL is my / training ground! / Keep your stance low and steady!
177	2950344	3,19	26,12	I lost my stance!
178	3003912	7,5	8,14	MISTY’s back from ROCK TUNNEL! / Sounds like guiding her through / those currents helped settle / something big. / Want some advice before you / challenge her?
179	3004872	7,5	8,14	All right! / Let’s make waves!
180	3004962	7,5	8,14	Yo! / Champ in the making! / Let me give you some advice! / The LEADER, MISTY, is a pro who / uses WATER-type POKéMON. / You can drain all their water with / GRASS-type POKéMON. / Or, you might use ELECTRIC-type / POKéMON and zap them!
181	3043992	7,5	8,8	Hey! You made it back! / Thanks for guiding me through / ROCK TUNNEL’s currents. / The POWER PLANT is stable again, / and I learned a lot watching how / you handled the flow. / Water is beautiful because it / changes without losing itself. / Now it’s time for an official / GYM challenge. / My policy is an all-out offensive / with WATER-type POKéMON!ÎカÀ
182	3048006	7,5	8,8	Dey! You made it back! / Thanks for guiding me through / ROCK TUNNEL’s currents. / The POWER PLANT is stable again, / and I learned a lot watching how / you handled the flow. / Water is beautiful because it / changes without losing itself. / Now it’s time for an official / GYM challenge. / My policy is an all-out offensive / with WATER-type POKéMON!ÎカÀ
183	3048012	7,5	8,8	Do what with this ウエ?
184	3048036	7,5	8,8	CHARIZARD is already / in battle!Ì
185	3048156	7,5	8,8	Do what with this ウエ?
186	3048186	7,5	8,8	CHARIZARD is already / in battle!Ì
187	3048306	7,5	8,8	Do what with this ウエ?
188	3048336	7,5	8,8	CHARIZARD is already / in battle!Ì
189	3048456	7,5	8,8	Do what with this ウエ?
190	3048486	7,5	8,8	CHARIZARD is already / in battle!Ì
191	3048606	7,5	8,8	Do what with this ウエ?
192	3048636	7,5	8,8	CHARIZARD is already / in battle!Ì
193	3048756	7,5	8,8	Do what with this ウエ?
194	3048786	7,5	8,8	CHARIZARD is already / in battle!Ì
195	3048906	7,5	8,8	Do what with this ウエ?
196	3048936	7,5	8,8	CHARIZARD is already / in battle!Ì
197	3049056	7,5	8,8	Do what with this ウエ?
198	3049086	7,5	8,8	CHARIZARD is already / in battle!Ì
199	3049206	7,5	8,8	Do what with this ウエ?
200	3049236	7,5	8,8	CHARIZARD is already / in battle!Ì
201	3049356	7,5	8,8	Do what with this ウエ?
202	3049386	7,5	8,8	CHARIZARD is already / in battle!Ì
203	3049506	7,5	8,8	Do what with this ウエ?
204	3049536	7,5	8,8	CHARIZARD is already / in battle!Ì
205	3049656	7,5	8,8	Do what with this ウエ?
206	3049686	7,5	8,8	CHARIZARD is already / in battle!Ì
207	3049806	7,5	8,8	Do what with this ウエ?
208	3049836	7,5	8,8	CHARIZARD is already / in battle!Ì
209	3049956	7,5	8,8	Do what with this ウエ?
210	3049986	7,5	8,8	CHARIZARD is already / in battle!Ì
211	3050106	7,5	8,8	Do what with this ウエ?
212	3050136	7,5	8,8	CHARIZARD is already / in battle!Ì
213	3050256	7,5	8,8	Do what with this ウエ?
214	3050286	7,5	8,8	CHARIZARD is already / in battle!Ì
215	3050406	7,5	8,8	Do what with this ウエ?
216	3050436	7,5	8,8	CHARIZARD is already / in battle!Ì
217	3050556	7,5	8,8	Do what with this ウエ?
218	3050586	7,5	8,8	CHARIZARD is already / in battle!Ì
219	3050706	7,5	8,8	Do what with this ウエ?
220	3050736	7,5	8,8	CHARIZARD is already / in battle!Ì
221	3050856	7,5	8,8	Do what with this ウエ?
222	3050886	7,5	8,8	CHARIZARD is already / in battle!Ì
223	3051012	7,5	8,8	Do what with this ウエ?
224	3051036	7,5	8,8	CHARIZARD is already / in battle!Ì
225	3051156	7,5	8,8	Do what with this ウエ?
226	3051186	7,5	8,8	CHARIZARD is already / in battle!Ì
227	3051306	7,5	8,8	Do what with this ウエ?
228	3051336	7,5	8,8	CHARIZARD is already / in battle!Ì
229	3051456	7,5	8,8	Do what with this ウエ?
230	3051486	7,5	8,8	CHARIZARD is already / in battle!Ì
231	3051606	7,5	8,8	Do what with this ウエ?
232	3051636	7,5	8,8	CHARIZARD is already / in battle!Ì
233	3051762	7,5	8,8	Do what with this ウエ?
234	3051786	7,5	8,8	CHARIZARD is already / in battle!Ì
235	3051906	7,5	8,8	Do what with this ウエ?
236	3051936	7,5	8,8	CHARIZARD is already / in battle!Ì
237	3052056	7,5	8,8	Do what with this ウエ?
238	3052086	7,5	8,8	CHARIZARD is already / in battle!Ì
239	3052206	7,5	8,8	Do what with this ウエ?
240	3052236	7,5	8,8	CHARIZARD is already / in battle!Ì
241	3052356	7,5	8,8	Do what with this ウエ?
242	3052386	7,5	8,8	CHARIZARD is already / in battle!Ì
243	3052506	7,5	8,8	Do what with this ウエ?
244	3052536	7,5	8,8	CHARIZARD is already / in battle!Ì
245	3052656	7,5	8,8	Do what with this ウエ?
246	3052686	7,5	8,8	CHARIZARD is already / in battle!Ì
247	3052806	7,5	8,8	Do what with this ウエ?
248	3052836	7,5	8,8	CHARIZARD is already / in battle!Ì
249	3052956	7,5	8,8	Do what with this ウエ?
250	3052986	7,5	8,8	CHARIZARD is already / in battle!Ì
251	3053106	7,5	8,8	Do what with this ウエ?
252	3053136	7,5	8,8	CHARIZARD is already / in battle!Ì
253	3053256	7,5	8,8	Do what with this ウエ?
254	3053286	7,5	8,8	CHARIZARD is already / in battle!Ì
255	3053406	7,5	8,8	Do what with this ウエ?
256	3053436	7,5	8,8	CHARIZARD is already / in battle!Ì
257	3053556	7,5	8,8	Do what with this ウエ?
258	3053586	7,5	8,8	CHARIZARD is already / in battle!Ì
259	3053706	7,5	8,8	Do what with this ウエ?
260	3053736	7,5	8,8	CHARIZARD is already / in battle!Ì
261	3053856	7,5	8,8	Do what with this ウエ?
262	3053886	7,5	8,8	CHARIZARD is already / in battle!Ì
263	3054006	7,5	8,8	Do what with this ウエ?
264	3054036	7,5	8,8	CHARIZARD is already / in battle!Ì
265	3054156	7,5	8,8	Do what with this ウエ?
266	3054186	7,5	8,8	CHARIZARD is already / in battle!Ì
267	3054306	7,5	8,8	Do what with this ウエ?
268	3054336	7,5	8,8	CHARIZARD is already / in battle!Ì
269	3054456	7,5	8,8	Do what with this ウエ?
270	3054486	7,5	8,8	CHARIZARD is already / in battle!Ì
271	3054606	7,5	8,8	Do what with this ウエ?
272	3054636	7,5	8,8	CHARIZARD is already / in battle!Ì
273	3054756	7,5	8,8	Do what with this ウエ?
274	3054786	7,5	8,8	CHARIZARD is already / in battle!Ì
275	3054906	7,5	8,8	Do what with this ウエ?
276	3054936	7,5	8,8	CHARIZARD is already / in battle!Ì
277	3055056	7,5	8,8	Do what with this ウエ?
278	3055086	7,5	8,8	CHARIZARD is already / in battle!Ì
279	3055206	7,5	8,8	Do what with this ウエ?
280	3055236	7,5	8,8	CHARIZARD is already / in battle!Ì
281	3055356	7,5	8,8	Do what with this ウエ?
282	3055386	7,5	8,8	CHARIZARD is already / in battle!Ì
283	3055506	7,5	8,8	Do what with this ウエ?
284	3055536	7,5	8,8	CHARIZARD is already / in battle!Ì
285	3055656	7,5	8,8	Do what with this ウエ?
286	3055686	7,5	8,8	CHARIZARD is already / in battle!Ì
287	3055806	7,5	8,8	Do what with this ウエ?
288	3055836	7,5	8,8	CHARIZARD is already / in battle!Ì
289	3055956	7,5	8,8	Do what with this ウエ?
290	3055986	7,5	8,8	CHARIZARD is already / in battle!Ì
291	3056106	7,5	8,8	Do what with this ウエ?
292	3056136	7,5	8,8	CHARIZARD is already / in battle!Ì
293	3066786	7,5	8,8	Do what with this ウエ?
294	3068964	7,5	8,8	Wow! / You’re too much! / All right! / You can have the CASCADEBADGE to / show you beat me.
295	3069480	7,5	8,8	You can have the CASCADEBADGE. / And with it, take this board. / It will carry you across water.
296	3069756	7,5	8,8	AAAAAAA received the CASCADE BOARD / from MISTY.
297	3069924	7,5	8,8	AAAAAAA put the CASCADE BOARD / in the KEY ITEMS.
298	3070056	7,5	8,8	That BADGE marks a real change / in your journey. / Keep building your FIELD AIDE / record, and outsider POKéMON / will trust you more. / A puny fish can become a mighty, / raging POKéMON. / That’s the beauty of change. / Bring me that GYARADOS. / Then I’ll show you trade evolution / with a natural held item.
299	3070956	7,5	8,8	You brought GYARADOS? / Perfect! / Some POKéMON evolve when traded / while holding something natural. / My POLIWHIRL is holding a / KING’S ROCK. / Will you trade GYARADOS / for my POLIWHIRL?
300	3071634	7,5	8,8	That’s not the mighty POKéMON / that grows from MAGIKARP. / Bring me GYARADOS and I’ll show / you something interesting.
301	3072006	7,5	8,8	You brought GYARADOS? / Perfect! / Some POKéMON evolve when traded / while holding something natural. / My POLIWHIRL is holding a / KING’S ROCK. / Will you trade GYARADOS / for my POLIWHIRL?
302	3072684	7,5	8,8	That’s not the mighty POKéMON / that grows from MAGIKARP. / Bring me GYARADOS and I’ll show / you something interesting.
303	3073056	7,5	8,8	You brought GYARADOS? / Perfect! / Some POKéMON evolve when traded / while holding something natural. / My POLIWHIRL is holding a / KING’S ROCK. / Will you trade GYARADOS / for my POLIWHIRL?
304	3073734	7,5	8,8	That’s not the mighty POKéMON / that grows from MAGIKARP. / Bring me GYARADOS and I’ll show / you something interesting.
305	3074106	7,5	8,8	You brought GYARADOS? / Perfect! / Some POKéMON evolve when traded / while holding something natural. / My POLIWHIRL is holding a / KING’S ROCK. / Will you trade GYARADOS / for my POLIWHIRL?
306	3074784	7,5	8,8	That’s not the mighty POKéMON / that grows from MAGIKARP. / Bring me GYARADOS and I’ll show / you something interesting.
307	3075156	7,5	8,8	You brought GYARADOS? / Perfect! / Some POKéMON evolve when traded / while holding something natural. / My POLIWHIRL is holding a / KING’S ROCK. / Will you trade GYARADOS / for my POLIWHIRL?
308	3075834	7,5	8,8	That’s not the mighty POKéMON / that grows from MAGIKARP. / Bring me GYARADOS and I’ll show / you something interesting.
309	3076206	7,5	8,8	You brought GYARADOS? / Perfect! / Some POKéMON evolve when traded / while holding something natural. / My POLIWHIRL is holding a / KING’S ROCK. / Will you trade GYARADOS / for my POLIWHIRL?
310	3076854	7,5	8,8	That’s not the mighty POKéMON / that grows from MAGIKARP. / Bring me GYARADOS and I’ll show / you something interesting.
311	3162486	3,15	23,8	The grass here is close to the / city, but bugs still love it. / I’ll prove they belong here!
312	3165684	3,15	23,8	They got startled after all!
313	3208938	3,15	17,20	I brought lunch for the walk to / the UNDERGROUND PATH. / Want a battle before I head down?
314	3211884	3,15	17,20	My lunch break lost momentum!
315	3212364	3,15	18,23	I like this road because it gives / you choices. / CERULEAN, SAFFRON, or the tunnel- / which way are you heading?
316	3215214	3,15	18,23	You picked the winning path!
317	3215922	3,15	23,31	The UNDERGROUND PATH shakes the / soil more than people think. / BUG POKéMON feel those tiny / vibrations!
318	3219054	3,15	23,31	I misread the vibrations!
319	3279318	14,3	14,23	SABRINA left for POKéMON TOWER / after feeling a psychic pull / toward it. / She said it was likely the / gathering of a massive amount / of astral energy. / I’d better head there myself.
320	3406092	3,10	21,21	CUBONE: Kyoo! / It keeps crying and looking / around, as if searching for / someone.
321	3406920	3,10	21,21	Rumour recorded. / Compare three accounts in your / LOGBOOK to find an APEX POKéMON. / If you flee from its battle, / it will leave for good.
322	3451758	3,10	21,21	CUBONE: Kyoo! / It keeps crying and looking / around, as if searching for / someone.
323	3513918	3,18	54,14	The road gets quiet before / LAVENDER. / That’s when a SCOUT should pay / the most attention.
324	3516984	3,18	54,14	I blinked first!
325	3538452	3,4	10,8	It’s said that inside POKéMON / TOWER is a vengeful spirit. / It howls in anger over the / family it lost.
326	3539202	3,4	10,8	Rumour updated.
327	3539580	1,83	18,10	POKéMON TOWER
328	3575070	1,83	16,6	AAAAAAA: Hey, AAAAAAA! / What brings you here? / Is your POKéMON dead? / Hey! It’s alive! / I can at least make them faint! / Let’s go!
329	3581574	1,83	16,6	What? / You stinker! / I took it easy on you, too!
330	3581970	1,83	16,6	How’s your POKéDEX coming? / I just caught a CUBONE! / I can’t find the bigger MAROWAK. / Where could they be? / I bet there aren’t any left! / Well, I better get going. / I’ve got a lot to accomplish, / unlike you. / Smell ya later!
331	3583032	1,83	3,6	The tower carries the grief of / families torn apart. / Some say one spirit still waits / above, calling for the family it / lost.
332	3583872	1,83	3,6	Rumour updated.
333	3705270	1,84	10,15	Be gone! / Malevolent spirit!
334	3706944	1,84	10,15	Whew! / The spirit left!
335	3726876	1,85	16,6	Ke…ke…ke… / ke…ke…ke!
336	3728544	1,85	16,6	Keee! / The astral pull is breaking.
337	3729102	1,85	11,7	This circle gathers more than / memory. / It gathers feeling, fear, grief, / and the will to remain. / I came here because the tower’s / astral energy called to me. / While listening to it, I refined / a PSYCHIC-type move. / Would you like me to teach it? / You will need a POKéMON that can / learn DREAM EATER.
338	3730446	1,85	11,7	Very well. / Choose the POKéMON to focus.
339	3730590	1,85	11,7	Teach which POKéMON?
340	3730626	1,85	11,7	CHARIZARD and DREAM EATER / are not compatible. / DREAM EATER can’t be / learned.Ì
341	3730914	1,85	11,7	Then return with a POKéMON whose / mind can reach through dreams.
342	3756132	1,85	11,7	This circle gathers more than / memory. / It gathers feeling, fear, grief, / and the will to remain. / I came here because the tower’s / astral energy called to me. / While listening to it, I refined / a PSYCHIC-type move. / Would you like me to teach it? / You will need a POKéMON that can / learn DREAM EATER.
343	3785406	1,85	11,7	Very well. / Choose the POKéMON to focus.
344	3785610	1,85	11,7	Teach which POKéMON?
345	3817086	1,85	11,7	GASTLY wants to learn the / move DREAM EATER. / However, GASTLY already / knows four moves. / Should a move be deleted and / replaced with DREAM EATER?
346	3817806	1,85	11,7	1, ËÔ2, andËÔ… ËÔ… ËÔ… ËÔŒぅ Poof! / GASTLY forgot how to / use DESTINY BOND. / And...Ì
347	3843456	1,85	11,7	GASTLY learned / DREAM EATER!
348	3843684	1,85	11,7	That is DREAM EATER. / It draws strength from a sleeping / foe through psychic focus. / You remained peaceful inside / the tower’s astral pull. / That emotional control is / enough for an / official challenge here.
349	3844506	1,85	11,7	SABRINA! / I felt the tower settle. / If a battle begins here, I will / witness it as your GYM aide.
350	3844806	1,85	11,7	GYM AIDE: SABRINA uses PSYCHIC / types. Try BUG, GHOST or DARK / moves to hit their weakness. / DARK types are immune to / PSYCHIC moves, but watch for / her other attacks!
351	3845316	1,85	11,7	Peace is not proven by silence / alone. / Let us see how your focus holds / in battle. / Are you ready to challenge me?
352	3845652	1,85	11,7	In this tower, thought and memory / press close. / Show me the shape of your will.
353	3851820	1,85	11,7	Your focus did not waver.
354	3852174	1,85	11,7	The MARSHBADGE is yours. / You met the tower’s pressure and / answered it with peaceful control. / I will return to SAFFRON GYM. / Come there when you are ready.
355	3852606	1,85	11,7	AAAAAAA received the MARSH FINDER / from SABRINA.
356	3852780	1,85	11,7	AAAAAAA put the MARSH FINDER / in the KEY ITEMS.
357	3852906	1,85	11,7	The MARSH FINDER senses hidden / objects nearby. / A calm mind can notice what the / eyes alone overlook.
358	3870804	1,85	9,7	Urff… / Kwaah!
359	3872454	1,85	9,7	Something left me! / Was that the spirit?
360	3922566	1,86	11,9	SKREEEAH!
361	3924576	1,86	11,9	OAK: I received the tower record. / OSSCYTHE’s readings are bound to / grief and memory. / Loss can shape a life as surely / as evolution.
362	4038426	8,0	3,2	MR. FUJI: AAAAAAA… / Your POKéDEX quest is one that / requires strong dedication. / Without deep love for POKéMON, / your quest may fail. / I’m not sure if this will help you, / but I’d like you to have it.
363	4039536	8,0	3,2	AAAAAAA received a POKé FLUTE / from MR. FUJI.
364	4039704	8,0	3,2	AAAAAAA put the POKé FLUTE / in the KEY ITEMS.
365	4039836	8,0	3,2	Upon hearing the POKé FLUTE, / sleeping POKéMON will spring awake. / Try using it on POKéMON that are / sleeping obstacles.
366	4151040	14,3	14,20	Psychic power, huh? / If I had that, I’d make a bundle / at the slots!
367	4152540	14,3	24,22	A clear mind and a loyal team. / That is my kind of strength.
368	4155774	14,3	24,22	You gave me something / new to learn!
369	4158060	14,3	14,12	SABRINA: Your calm presence / earned this CHINGLING’s trust. / I would like you to take it / with you on your journey.
370	4158456	14,3	14,12	AAAAAAA received CHINGLING / from SABRINA!
371	4158570	14,3	14,12	Do you want to give a nickname to / this CHINGLING?
372	4159170	14,3	14,12	CHINGLING already feels close / to you. Nurture that friendship. / When its bond is strong enough, / it can evolve into CHIMECHO / by leveling up at night.
373	4201170	14,3	24,6	Can you read my next move? / Let us find out.
374	4204404	14,3	24,6	You gave me something / new to learn!
375	4321104	9,6	5,15	Hold it, kid! / LT. SURGE is away from the GYM. / He’s training in DIGLETT’S CAVE.
376	4395360	1,39	4,6	DIGLETT’S CAVE
377	4419930	1,39	4,5	Well, isn’t this a surprise! / MR. MIME have made themselves / a little home together in / DIGLETT CAVE. / They seem intent on keeping it / all to themselves. / It leads all the way to PEWTER / CITY, wouldn’t you know!
378	4421070	1,39	4,5	Rumour recorded. / Compare three accounts in your / LOGBOOK to find an APEX POKéMON. / If you flee from its battle, / it will leave for good.
379	4427670	1,38	51,47	Hey, kid! / I come to DIGLETT’S CAVE / regularly to train. / Down here, I can go all out! / The powerful electric blasts from / my POKéMON are contained by the / cave walls. / While training here, I developed / an ELECTRIC-type move. / Want me to teach it? / You’ll need a POKéMON that can / learn it.
380	4429074	1,38	51,47	All right, kid! / Choose the POKéMON to train.
381	4429248	1,38	51,47	Teach which POKéMON?
382	4484706	1,38	51,47	PIKACHU wants to learn the / move VOLT TACKLE. / However, PIKACHU already / knows four moves. / Should a move be deleted and / replaced with VOLT TACKLE?
383	4485456	1,38	51,47	1, ËÔ2, andËÔ… ËÔ… ËÔ… ËÔŒぅ Poof! / PIKACHU forgot how to / use THUNDERBOLT. / And...Ì
384	4485786	1,38	51,47	PIKACHU learned / VOLT TACKLE!
385	4486014	1,38	51,47	That’s VOLT TACKLE! / It’s reckless, high-voltage power / packed into a full-body charge. / Heh! / I like you, kid. / You’ve got the nerve to handle / real voltage. / I’ll meet you back at VERMILION / GYM. / I want a battle with you!
386	4588182	9,6	5,13	Ah, LT. SURGE is back from / DIGLETT’S CAVE! / Sounds like he put you through / some serious training. / Want some advice before you / challenge him?
387	4588632	9,6	5,13	All right! / Let’s get charged up!
388	4588752	9,6	5,13	LT. SURGE has a nickname. / People refer to him as the / Lightning Unovan! / He’s an expert on electric / POKéMON. / FLYING/WATER-type POKéMON match / poorly against the ELECTRIC type. / Bring a GROUND-type POKéMON! / ELECTRIC moves cannot hit it, / and GROUND moves are strong / against ELECTRIC types. / Beware of paralysis, too. / LT. SURGE is very cautious. / His POKéMON fight in pairs. / Bring two of your own to fight!
389	4590132	9,6	5,3	So, you made it back, kid! / I’m LT. SURGE. / VERMILION CITY’s GYM LEADER. / You handled VOLT TACKLE training / without flinching. / That takes nerve! / Power isn’t handed to you. / You train until you can hold it! / But a GYM battle is combat! / No holding back! / I tell you, kid, electric POKéMON / saved me during the war! / Now show me you can stand against / real voltage!ÎカÀ
390	4602120	9,6	5,3	Now that’s a shocker! / You’re the real deal, kid! / Fine, then, take the THUNDERBADGE!
391	4613094	9,6	5,3	The THUNDERBADGE proves you / cleared VERMILION GYM! / And with it, take this pass. / It’ll get you special MART stock.
392	4613436	9,6	5,3	AAAAAAA received the THUNDER PASS / from LT. SURGE.
393	4613604	9,6	5,3	AAAAAAA put the THUNDER PASS / in the KEY ITEMS.
394	4613736	9,6	5,3	That pass unlocks vitamins and / battle items at POKéMON MARTS. / Power isn’t handed to you. / Use those tools and train until / your POKéMON can hold it. / Bring me a RAICHU with real / voltage. / Then I’ll show you evolution / through serious output.
395	4614456	9,6	5,3	Hey, kid! / You’ve got a RAICHU with real / voltage, right? / I’ve got an ELECTABUZZ holding / an ELECTIRIZER. / Trade me your RAICHU for it?
396	4669620	9,6	5,3	That’s not RAICHU, kid! / Bring me the real lightning rod.
397	4671492	3,21	7,8	AAAAAAA: Hah! / Took you long enough, AAAAAAA. / I already checked DIGLETT’S CAVE. / Obviously. / People around here keep whining / that the MR. MIME vanished. / One guy even says they put up / invisible walls to avoid training. / Sounds fake... / which means Gramps will want it / written down. / So listen carefully for once. / Compare three local accounts / in your LOGBOOK. / Work out where they point. / That is where you investigate. / Try not to make me explain / fieldwork twice. / Smell ya later.
398	4673196	3,21	13,8	All the MR. MIME have withdrawn / from the area!
399	4674984	3,21	13,8	I would’ve won had you / challenged me before they shut / themselves away.
400	4676064	3,21	14,6	DIGLETT’S CAVE cuts beneath / KANTO like an old passage. / I study the stones it pushes / up to the surface!
401	4680090	3,21	14,6	That shook my theory loose!
402	4731516	3,21	13,6	The MR. MIME went into DIGLETT / CAVE and erected barriers. / It’s like they built their own / little community and closed the / world out.
403	4731990	3,21	13,6	Rumour updated.
404	4752852	1,39	4,6	DIGLETT’S CAVE
405	4808202	1,35	5,4	This DIGLETT CAVE extends all / the way to VERMILION CITY. / Watch out for invisible walls / though! / Feels like something in there / doesn’t want visitors.
406	4809072	1,35	5,4	Rumour updated.
407	4866018	1,37	58,11	OAK: Fascinating. The barriers / registered as a social pattern. / MIME SR. seems to protect its / group. / It turns isolation into / structure.
408	5093160	3,14	8,8	A hulking PRIMEAPE fled in a / blind rage and took refuge / inside MT. MOON. / It was out of control, like its / feelings had boiled over! / I’ve never seen one get that / big before!
409	5093736	3,14	8,8	Rumour updated.
410	5144466	1,3	34,7	OAK: The POKéDEX recorded extreme / emotional force. / ANNIHILAPE shows what happens / when feeling outruns control. / Be careful with such power.
411	5479836	3,14	93,17	ÀÁÂÂAAAAAAA
412	5479842	3,14	93,17	Would you like to save the game?
413	5509626	3,14	93,17	SAVING… / DON’T TURN OFF THE POWER.
414	5510028	3,14	93,17	AAAAAAA saved the game.
1	336360	3,6	38,35	AAAAAAA: There you are. / Took you long enough to reach / CELADON. / You noticed the GYM, right? / Or did the giant building still / need a sign just for you? / I already got what I needed from / ERIKA. Try not to look impressed. / Before you go asking ERIKA for / field notes, let’s see if your / team can keep up with mine.
2	341664	3,6	38,35	Hey! / I was testing you! / Obviously.
3	342030	3,6	38,35	GYM LEADERS aren’t just strong. / They know how POKéMON change when / people train with them. / ERIKA studies that bond up close. / Try listening for once. / If you beat a GYM LEADER, don’t / get too excited. / They’re testing you, so they adjust / their teams to how many BADGES you / have.
4	364602	10,16	6,11	I was honored to witness your / battle with ERIKA. / You and your POKéMON supported / one another beautifully. / Please speak with ERIKA. / Your reward is waiting.
5	365676	10,16	6,5	Thank you for coming. / Your challenge in VIRIDIAN FOREST / was witnessed and official. / That forest reminded me that / growth comes through friendship. / Some POKéMON even evolve when / that friendship is allowed to / flourish. / When people and POKéMON support / one another, all may bloom. / You have already earned the / RAINBOWBADGE. / Now, please accept a POKéMON / that shows how friendship can / help life bloom.
6	367416	10,16	6,5	Please also accept this BUDEW. / Raise it with kindness, and one / day friendship may help it bloom.
7	367716	10,16	6,5	AAAAAAA received BUDEW / from ERIKA.
8	367812	10,16	6,5	Do you want to give a nickname to / this BUDEW?
9	402876	10,16	6,5	BUDEW evolves through friendship / during the day. / Care for it well, and it will show / you how trust becomes growth.
10	403842	3,6	11,31	Would you like to save the game?
11	429726	3,6	11,31	SAVING… / DON’T TURN OFF THE POWER.
12	430122	3,6	11,31	AAAAAAA saved the game.
1	168816	25,1	6,12	Excuse me! / Wait up, please!
2	168966	25,1	6,10	No BICYCLE? / You can rent one here for Routes / 16, 17, and 18. / The rental fee is 500. / Rent a BICYCLE?
3	169296	25,1	6,10	All set! / Ride carefully, and return it / when you leave the route.
4	275226	3,26	14,18	CYCLING ROAD starts here. / You either control the slope, / or the slope controls you.
5	277854	3,26	14,18	Tch. / You kept your line.
6	278250	3,26	10,18	At the top of the slope, / everyone acts brave. / Let’s see if you are.
7	280854	3,26	10,18	You didn’t wobble!
8	393888	3,28	15,60	This slope is my training route. / Keep up if you can!
9	397464	3,28	15,60	You kept pace!
10	437088	3,28	15,114	A good rider marks places to / pause on a long route. / This one has room for a battle!
11	439884	3,28	15,114	You made good use of the stop!
12	495948	3,28	15,130	The lower slope gets faster / than people expect. / If you can stop for battle, / you’re doing fine.
13	499374	3,28	15,130	Solid braking!
14	545658	3,29	100,8	I packed light. / ROUTE 18 is all momentum, / so you don’t want loose bags!
15	548274	3,29	100,8	Momentum gone!
16	549648	11,3	7,13	JANINE: My father KOGA disappeared / in a puff of smoke before my eyes! / Before he vanished, he spoke of / crafting new tools from volcanic / rock found in CINNABAR VOLCANO. / I had better hurry and help my / father, our clan leader!
17	635400	3,30	12,9	I warm up on the FUCHSIA shore / before taking on the current. / A battle should do it!
18	638454	3,30	12,9	Now I’m really warmed up!
19	828546	3,30	12,13	CASCADE BOARD is / selected.
20	865302	3,30	12,14	The sea between FUCHSIA and / SEAFOAM is never still. / Good. Neither am I!
21	938874	3,30	12,14	Caught in the undertow!
22	941838	3,31	83,9	SEAFOAM’s cold current keeps / trying to push me back. / A battle ought to warm us up!
23	944874	3,31	83,9	Washed out!
24	1019676	3,31	76,9	SEAFOAM ISLANDS
25	1019712	3,31	76,9	I heard SEAFOAM got fractured / when the cold arrived all at / once and reshaped the caves.
26	1023252	3,31	76,9	You broke me into pieces too! / SEAFOAM was split by a sudden / freeze. The caves still hold / that cold.
27	1023582	3,31	76,9	Rumour recorded. / Compare three accounts in your / LOGBOOK to find an APEX POKéMON. / If you flee from its battle, / it will leave for good.
28	1024062	3,31	76,9	You broke me into pieces too! / SEAFOAM was split by a sudden / freeze. The caves still hold / that cold.
29	1062150	1,78	32,21	SEAFOAM ISLANDS
30	1779054	1,81	27,11	OAK: AAAAAAA! / This isn’t the time to use that!Ì
31	1952094	1,78	6,21	SEAFOAM ISLANDS
32	1952388	1,78	8,19	Can you believe this whole area / used to be flooded with lava? / One sudden change, and the / whole cave became something else. / The deeper you go, the sharper / the cold gets.
33	1953288	1,78	8,19	Rumour updated.
34	2736486	3,31	59,9	SEAFOAM ISLANDS used to be / volcanic just like CINNABAR / ISLAND. / Then one day it all changed at / once, and now it’s as cold as / ice!
35	2737032	3,31	59,9	Rumour updated.
36	2913234	3,31	38,13	We practice swimming together. / Now we are practicing battles!
37	2916414	3,31	38,13	You make a great team!
38	2997732	3,8	46,6	CINNABAR ISLAND POKéMON GYM / LEADER: BLAINE / The Hotheaded Quiz Master!
39	2998518	3,8	39,3	AAAAAAA: Hah! / So you figured out the ferry after / all. / Don’t get smug. I got here first. / People on this island keep talking / about that wrecked MANSION. / It wasn’t just some rich guy’s old / house. It was a lab. / Something broke out of there. / And someone powerful seems / implicated. / Powerful enough to chase it / personally. / Sounds important, so obviously I’m / checking it before you do.
40	3026664	2,2	13,36	CINNABAR VOLCANO
41	3037350	2,2	10,6	KOGA: Fwahahaha! / You have found me at work, / AAAAAAA. / I seek a LAVIC STONE, quenched / by the thermal waters of this / volcano. / Such stone can be shaped into / excellent ninja tools. / But even a stone born of fire / needs water to become useful. / So it is with people. / Community is what turns many / separate strengths into one. / Togetherness will allow us to / reach the stone. / I challenge you, AAAAAAA. / Reach the water source with me, / and prove you understand the / strength of moving together! / Now, follow if you can!
42	3058866	2,4	10,4	This heat is wild! / Let’s see if you can keep up!
43	3061344	2,4	10,4	Too hot for me!
44	3078444	2,6	21,7	A volcano’s just a mountain / with a temper!
45	3080904	2,6	21,7	That shook me loose!
46	3081534	2,6	5,6	KOGA: Fwahahaha! / You kept pace through the heat / and stone. / Good. / The water source lies deeper still. / A ninja does not simply rush / toward the goal. / We watch the path, trust our allies, / and move as one.
47	3116736	2,9	1,15	KOGA: Fwahahaha! / You made it this far. / Together, no less. / Then the lesson has already / taken root.
48	3117582	2,9	1,15	KOGA grips the LAVIC STONE / with both hands... / ...But it does not move.
49	3117816	2,9	1,15	KOGA: Hmph! / Even quenched, it resists me. / We need more strength to lift / this stone from its resting place.
50	3118146	2,9	1,15	JANINE: Then I made it in time. / Father, you said togetherness / was the point of this trial.
51	3118446	2,9	1,15	KOGA: Hah! / You are right, JANINE. / Then we shall try together.
52	3118734	2,9	4,15	KOGA, JANINE, and AAAAAAA / pull with all their strength!
53	3118938	2,9	4,15	The LAVIC STONE breaks loose / from the volcanic rock!
54	3119166	2,9	4,16	KOGA: Together, we freed the / stone. / A community does not weaken / the self. / It gives strength somewhere to / stand. / Back at the GYM, this will become / the heart of new ninja tools. / But before I return, I want to / battle you here. / JANINE stands beside me as my / GYM aide. / That makes this challenge / official.
55	3120096	2,9	4,16	JANINE: Father uses POISON types. / PSYCHIC and GROUND moves are / strong against POISON. / But GROUND moves cannot hit / FLYING types. Watch for those! / Bring antidotes for poison, too.
56	3120606	2,9	4,16	Are you ready to battle KOGA?
57	3120732	2,9	4,16	KOGA: Then show me the strength / you bring to your allies!
58	3130746	2,9	4,16	Do what with this ウエ?
59	3130776	2,9	4,16	CHARIZARD is already / in battle!Ì
60	3130896	2,9	4,16	Do what with this ウエ?
61	3130926	2,9	4,16	CHARIZARD is already / in battle!Ì
62	3131046	2,9	4,16	Do what with this ウエ?
63	3131076	2,9	4,16	CHARIZARD is already / in battle!Ì
64	3131196	2,9	4,16	Do what with this ウエ?
65	3131226	2,9	4,16	CHARIZARD is already / in battle!Ì
66	3131346	2,9	4,16	Do what with this ウエ?
67	3131376	2,9	4,16	CHARIZARD is already / in battle!Ì
68	3131496	2,9	4,16	Do what with this ウエ?
69	3131526	2,9	4,16	CHARIZARD is already / in battle!Ì
70	3131646	2,9	4,16	Do what with this ウエ?
71	3131676	2,9	4,16	CHARIZARD is already / in battle!Ì
72	3131796	2,9	4,16	Do what with this ウエ?
73	3131826	2,9	4,16	CHARIZARD is already / in battle!Ì
74	3131946	2,9	4,16	Do what with this ウエ?
75	3131976	2,9	4,16	CHARIZARD is already / in battle!Ì
76	3132096	2,9	4,16	Do what with this ウエ?
77	3132126	2,9	4,16	CHARIZARD is already / in battle!Ì
78	3132246	2,9	4,16	Do what with this ウエ?
79	3132276	2,9	4,16	CHARIZARD is already / in battle!Ì
80	3132396	2,9	4,16	Do what with this ウエ?
81	3132426	2,9	4,16	CHARIZARD is already / in battle!Ì
82	3132546	2,9	4,16	Do what with this ウエ?
83	3132576	2,9	4,16	CHARIZARD is already / in battle!Ì
84	3132696	2,9	4,16	Do what with this ウエ?
85	3132726	2,9	4,16	CHARIZARD is already / in battle!Ì
86	3132846	2,9	4,16	Do what with this ウエ?
87	3132876	2,9	4,16	CHARIZARD is already / in battle!Ì
88	3132996	2,9	4,16	Do what with this ウエ?
89	3133026	2,9	4,16	CHARIZARD is already / in battle!Ì
90	3133146	2,9	4,16	Do what with this ウエ?
91	3133176	2,9	4,16	CHARIZARD is already / in battle!Ì
92	3133296	2,9	4,16	Do what with this ウエ?
93	3133326	2,9	4,16	CHARIZARD is already / in battle!Ì
94	3133446	2,9	4,16	Do what with this ウエ?
95	3133476	2,9	4,16	CHARIZARD is already / in battle!Ì
96	3133596	2,9	4,16	Do what with this ウエ?
97	3133626	2,9	4,16	CHARIZARD is already / in battle!Ì
98	3133746	2,9	4,16	Do what with this ウエ?
99	3133776	2,9	4,16	CHARIZARD is already / in battle!Ì
100	3133896	2,9	4,16	Do what with this ウエ?
101	3133926	2,9	4,16	CHARIZARD is already / in battle!Ì
102	3134046	2,9	4,16	Do what with this ウエ?
103	3134076	2,9	4,16	CHARIZARD is already / in battle!Ì
104	3134196	2,9	4,16	Do what with this ウエ?
105	3134226	2,9	4,16	CHARIZARD is already / in battle!Ì
106	3134346	2,9	4,16	Do what with this ウエ?
107	3134376	2,9	4,16	CHARIZARD is already / in battle!Ì
108	3134496	2,9	4,16	Do what with this ウエ?
109	3134526	2,9	4,16	CHARIZARD is already / in battle!Ì
110	3134646	2,9	4,16	Do what with this ウエ?
111	3134676	2,9	4,16	CHARIZARD is already / in battle!Ì
112	3134796	2,9	4,16	Do what with this ウエ?
113	3134826	2,9	4,16	CHARIZARD is already / in battle!Ì
114	3134946	2,9	4,16	Do what with this ウエ?
115	3134976	2,9	4,16	CHARIZARD is already / in battle!Ì
116	3135096	2,9	4,16	Do what with this ウエ?
117	3135126	2,9	4,16	CHARIZARD is already / in battle!Ì
118	3135246	2,9	4,16	Do what with this ウエ?
119	3135276	2,9	4,16	CHARIZARD is already / in battle!Ì
120	3166986	2,9	4,16	Do what with this ウエ?
121	3171354	2,9	4,16	Fwahahaha! / A worthy victory!
122	3171720	2,9	4,16	KOGA: Fwahahaha! / You have earned the SOULBADGE! / áÎÇÀË / Ëカね / Return to FUCHSIA GYM / when you are ready. / There, the LAVIC STONE will become / tools worthy of our clan.
123	3172506	2,9	4,16	AAAAAAA received the SOUL PASS / from KOGA.
124	3172674	2,9	4,16	AAAAAAA put the SOUL PASS / in the KEY ITEMS.
125	3215142	2,5	41,27	Deep enough, even the rocks / start to glow.
126	3218820	2,5	41,27	Burned out!
127	3232788	2,5	41,27	Fire-types love this pressure. / Down here, even burned ground / feels alive again. / Like the volcano keeps renewing / its own energy.
128	3233268	2,5	41,27	Rumour recorded. / Compare three accounts in your / LOGBOOK to find an APEX POKéMON. / If you flee from its battle, / it will leave for good.
129	3249528	2,5	46,33	A master stance should hold / even in this heat. / Let’s see if yours does.
130	3254334	2,5	46,33	You did not waver.
131	3256956	2,9	26,12	Can you handle a little fire / inside a volcano?
132	3260664	2,9	26,12	You smothered my spark!
133	3268128	2,3	3,2	I came prepared for a hike, / but not for this heat!
134	3271104	2,3	3,2	I’m melting here!
135	3312024	3,8	34,11	After each eruption, the volcano / leaves new soil behind. / Plants return stronger than before. / Nature renews itself through fire.
136	3312834	3,8	34,11	Rumour updated.
137	3313086	3,8	30,9	Access granted using the / BOULDER KEY.
138	3314136	12,3	9,3	Our lab studies how fire can / restore as well as consume. / There are reports of MOLTRES / stirring life back into scorched / volcanic earth.
139	3314976	12,3	9,3	Rumour updated.
140	3337890	2,2	13,36	CINNABAR VOLCANO
141	3340098	2,7	5,15	Step carefully! / The ground shifts underfoot.
142	3344304	2,7	5,15	I lost my footing!
143	3380328	2,5	24,7	OAK: Those volcanic readings are / alive with renewal. / MOLTRES does not only burn. / It returns spent energy / to the world.
144	3438630	12,0	8,13	Yo! / Champ in the making! / The hotheaded BLAINE is a FIRE / POKéMON pro. / Douse his spirits with water! / You’d better take some / BURN HEALS, too.
145	3439770	12,0	8,5	Hah! / I am BLAINE, the red-hot LEADER / of CINNABAR GYM! / Fire is more than destruction. / Properly handled, it drives / innovation and progress! / My fiery POKéMON are ready to / test your next breakthrough! / Hah! / You better have BURN HEAL!ÎカÀ
146	3472746	12,0	8,5	Do what with this ウエ?
147	3472776	12,0	8,5	CHARIZARD is already / in battle!Ì
148	3472896	12,0	8,5	Do what with this ウエ?
149	3472926	12,0	8,5	CHARIZARD is already / in battle!Ì
150	3473046	12,0	8,5	Do what with this ウエ?
151	3473076	12,0	8,5	CHARIZARD is already / in battle!Ì
152	3473196	12,0	8,5	Do what with this ウエ?
153	3473226	12,0	8,5	CHARIZARD is already / in battle!Ì
154	3473346	12,0	8,5	Do what with this ウエ?
155	3473376	12,0	8,5	CHARIZARD is already / in battle!Ì
156	3473496	12,0	8,5	Do what with this ウエ?
157	3473526	12,0	8,5	CHARIZARD is already / in battle!Ì
158	3473646	12,0	8,5	Do what with this ウエ?
159	3473676	12,0	8,5	CHARIZARD is already / in battle!Ì
160	3473796	12,0	8,5	Do what with this ウエ?
161	3473826	12,0	8,5	CHARIZARD is already / in battle!Ì
162	3473946	12,0	8,5	Do what with this ウエ?
163	3473976	12,0	8,5	CHARIZARD is already / in battle!Ì
164	3474096	12,0	8,5	Do what with this ウエ?
165	3474126	12,0	8,5	CHARIZARD is already / in battle!Ì
166	3474246	12,0	8,5	Do what with this ウエ?
167	3474276	12,0	8,5	CHARIZARD is already / in battle!Ì
168	3474396	12,0	8,5	Do what with this ウエ?
169	3474426	12,0	8,5	CHARIZARD is already / in battle!Ì
170	3474546	12,0	8,5	Do what with this ウエ?
171	3474576	12,0	8,5	CHARIZARD is already / in battle!Ì
172	3474696	12,0	8,5	Do what with this ウエ?
173	3474726	12,0	8,5	CHARIZARD is already / in battle!Ì
174	3474846	12,0	8,5	Do what with this ウエ?
175	3474876	12,0	8,5	CHARIZARD is already / in battle!Ì
176	3474996	12,0	8,5	Do what with this ウエ?
177	3475026	12,0	8,5	CHARIZARD is already / in battle!Ì
178	3475146	12,0	8,5	Do what with this ウエ?
179	3475176	12,0	8,5	CHARIZARD is already / in battle!Ì
180	3475296	12,0	8,5	Do what with this ウエ?
181	3475326	12,0	8,5	CHARIZARD is already / in battle!Ì
182	3475446	12,0	8,5	Do what with this ウエ?
183	3475476	12,0	8,5	CHARIZARD is already / in battle!Ì
184	3475596	12,0	8,5	Do what with this ウエ?
185	3475626	12,0	8,5	CHARIZARD is already / in battle!Ì
186	3475746	12,0	8,5	Do what with this ウエ?
187	3475776	12,0	8,5	CHARIZARD is already / in battle!Ì
188	3475896	12,0	8,5	Do what with this ウエ?
189	3475926	12,0	8,5	CHARIZARD is already / in battle!Ì
190	3476046	12,0	8,5	Do what with this ウエ?
191	3476076	12,0	8,5	CHARIZARD is already / in battle!Ì
192	3476196	12,0	8,5	Do what with this ウエ?
193	3476226	12,0	8,5	CHARIZARD is already / in battle!Ì
194	3476346	12,0	8,5	Do what with this ウエ?
195	3476376	12,0	8,5	CHARIZARD is already / in battle!Ì
196	3476496	12,0	8,5	Do what with this ウエ?
197	3476526	12,0	8,5	CHARIZARD is already / in battle!Ì
198	3476646	12,0	8,5	Do what with this ウエ?
199	3476676	12,0	8,5	CHARIZARD is already / in battle!Ì
200	3476796	12,0	8,5	Do what with this ウエ?
201	3476826	12,0	8,5	CHARIZARD is already / in battle!Ì
202	3476946	12,0	8,5	Do what with this ウエ?
203	3476976	12,0	8,5	CHARIZARD is already / in battle!Ì
204	3477096	12,0	8,5	Do what with this ウエ?
205	3477126	12,0	8,5	CHARIZARD is already / in battle!Ì
206	3477246	12,0	8,5	Do what with this ウエ?
207	3477276	12,0	8,5	CHARIZARD is already / in battle!Ì
208	3477396	12,0	8,5	Do what with this ウエ?
209	3477426	12,0	8,5	CHARIZARD is already / in battle!Ì
210	3477546	12,0	8,5	Do what with this ウエ?
211	3477576	12,0	8,5	CHARIZARD is already / in battle!Ì
212	3477696	12,0	8,5	Do what with this ウエ?
213	3477726	12,0	8,5	CHARIZARD is already / in battle!Ì
214	3477846	12,0	8,5	Do what with this ウエ?
215	3477876	12,0	8,5	CHARIZARD is already / in battle!Ì
216	3477996	12,0	8,5	Do what with this ウエ?
217	3478026	12,0	8,5	CHARIZARD is already / in battle!Ì
218	3478146	12,0	8,5	Do what with this ウエ?
219	3478176	12,0	8,5	CHARIZARD is already / in battle!Ì
220	3478296	12,0	8,5	Do what with this ウエ?
221	3478326	12,0	8,5	CHARIZARD is already / in battle!Ì
222	3478446	12,0	8,5	Do what with this ウエ?
223	3478476	12,0	8,5	CHARIZARD is already / in battle!Ì
224	3478596	12,0	8,5	Do what with this ウエ?
225	3478626	12,0	8,5	CHARIZARD is already / in battle!Ì
226	3478746	12,0	8,5	Do what with this ウエ?
227	3478776	12,0	8,5	CHARIZARD is already / in battle!Ì
228	3478896	12,0	8,5	Do what with this ウエ?
229	3478926	12,0	8,5	CHARIZARD is already / in battle!Ì
230	3479046	12,0	8,5	Do what with this ウエ?
231	3479076	12,0	8,5	CHARIZARD is already / in battle!Ì
232	3479196	12,0	8,5	Do what with this ウエ?
233	3479226	12,0	8,5	CHARIZARD is already / in battle!Ì
234	3479346	12,0	8,5	Do what with this ウエ?
235	3479376	12,0	8,5	CHARIZARD is already / in battle!Ì
236	3479496	12,0	8,5	Do what with this ウエ?
237	3479526	12,0	8,5	CHARIZARD is already / in battle!Ì
238	3479646	12,0	8,5	Do what with this ウエ?
239	3479676	12,0	8,5	CHARIZARD is already / in battle!Ì
240	3479796	12,0	8,5	Do what with this ウエ?
241	3479826	12,0	8,5	CHARIZARD is already / in battle!Ì
242	3479946	12,0	8,5	Do what with this ウエ?
243	3479976	12,0	8,5	CHARIZARD is already / in battle!Ì
244	3480096	12,0	8,5	Do what with this ウエ?
245	3480126	12,0	8,5	CHARIZARD is already / in battle!Ì
246	3480246	12,0	8,5	Do what with this ウエ?
247	3480276	12,0	8,5	CHARIZARD is already / in battle!Ì
248	3480396	12,0	8,5	Do what with this ウエ?
249	3480426	12,0	8,5	CHARIZARD is already / in battle!Ì
250	3480546	12,0	8,5	Do what with this ウエ?
251	3480576	12,0	8,5	CHARIZARD is already / in battle!Ì
252	3480696	12,0	8,5	Do what with this ウエ?
253	3480726	12,0	8,5	CHARIZARD is already / in battle!Ì
254	3480846	12,0	8,5	Do what with this ウエ?
255	3480876	12,0	8,5	CHARIZARD is already / in battle!Ì
256	3480996	12,0	8,5	Do what with this ウエ?
257	3481026	12,0	8,5	CHARIZARD is already / in battle!Ì
258	3481146	12,0	8,5	Do what with this ウエ?
259	3481176	12,0	8,5	CHARIZARD is already / in battle!Ì
260	3481296	12,0	8,5	Do what with this ウエ?
261	3481326	12,0	8,5	CHARIZARD is already / in battle!Ì
262	3481446	12,0	8,5	Do what with this ウエ?
263	3481476	12,0	8,5	CHARIZARD is already / in battle!Ì
264	3481596	12,0	8,5	Do what with this ウエ?
265	3481626	12,0	8,5	CHARIZARD is already / in battle!Ì
266	3481746	12,0	8,5	Do what with this ウエ?
267	3481776	12,0	8,5	CHARIZARD is already / in battle!Ì
268	3481896	12,0	8,5	Do what with this ウエ?
269	3481926	12,0	8,5	CHARIZARD is already / in battle!Ì
270	3482046	12,0	8,5	Do what with this ウエ?
271	3482076	12,0	8,5	CHARIZARD is already / in battle!Ì
272	3482196	12,0	8,5	Do what with this ウエ?
273	3482226	12,0	8,5	CHARIZARD is already / in battle!Ì
274	3482346	12,0	8,5	Do what with this ウエ?
275	3482376	12,0	8,5	CHARIZARD is already / in battle!Ì
276	3482496	12,0	8,5	Do what with this ウエ?
277	3482526	12,0	8,5	CHARIZARD is already / in battle!Ì
278	3482646	12,0	8,5	Do what with this ウエ?
279	3482676	12,0	8,5	CHARIZARD is already / in battle!Ì
280	3482796	12,0	8,5	Do what with this ウエ?
281	3482826	12,0	8,5	CHARIZARD is already / in battle!Ì
282	3482946	12,0	8,5	Do what with this ウエ?
283	3482976	12,0	8,5	CHARIZARD is already / in battle!Ì
284	3483096	12,0	8,5	Do what with this ウエ?
285	3483126	12,0	8,5	CHARIZARD is already / in battle!Ì
286	3483246	12,0	8,5	Do what with this ウエ?
287	3483276	12,0	8,5	CHARIZARD is already / in battle!Ì
288	3483396	12,0	8,5	Do what with this ウエ?
289	3483426	12,0	8,5	CHARIZARD is already / in battle!Ì
290	3483546	12,0	8,5	Do what with this ウエ?
291	3483576	12,0	8,5	CHARIZARD is already / in battle!Ì
292	3483696	12,0	8,5	Do what with this ウエ?
293	3483726	12,0	8,5	CHARIZARD is already / in battle!Ì
294	3483846	12,0	8,5	Do what with this ウエ?
295	3483876	12,0	8,5	CHARIZARD is already / in battle!Ì
296	3483996	12,0	8,5	Do what with this ウエ?
297	3484026	12,0	8,5	CHARIZARD is already / in battle!Ì
298	3484146	12,0	8,5	Do what with this ウエ?
299	3484176	12,0	8,5	CHARIZARD is already / in battle!Ì
300	3484296	12,0	8,5	Do what with this ウエ?
301	3484326	12,0	8,5	CHARIZARD is already / in battle!Ì
302	3484446	12,0	8,5	Do what with this ウエ?
303	3484476	12,0	8,5	CHARIZARD is already / in battle!Ì
304	3484596	12,0	8,5	Do what with this ウエ?
305	3484626	12,0	8,5	CHARIZARD is already / in battle!Ì
306	3484746	12,0	8,5	Do what with this ウエ?
307	3484776	12,0	8,5	CHARIZARD is already / in battle!Ì
308	3484896	12,0	8,5	Do what with this ウエ?
309	3484926	12,0	8,5	CHARIZARD is already / in battle!Ì
310	3485046	12,0	8,5	Do what with this ウエ?
311	3485076	12,0	8,5	CHARIZARD is already / in battle!Ì
312	3485196	12,0	8,5	Do what with this ウエ?
313	3485226	12,0	8,5	CHARIZARD is already / in battle!Ì
314	3485346	12,0	8,5	Do what with this ウエ?
315	3485376	12,0	8,5	CHARIZARD is already / in battle!Ì
316	3485496	12,0	8,5	Do what with this ウエ?
317	3485526	12,0	8,5	CHARIZARD is already / in battle!Ì
318	3485646	12,0	8,5	Do what with this ウエ?
319	3485676	12,0	8,5	CHARIZARD is already / in battle!Ì
320	3485796	12,0	8,5	Do what with this ウエ?
321	3485826	12,0	8,5	CHARIZARD is already / in battle!Ì
322	3485946	12,0	8,5	Do what with this ウエ?
323	3485976	12,0	8,5	CHARIZARD is already / in battle!Ì
324	3486096	12,0	8,5	Do what with this ウエ?
325	3486126	12,0	8,5	CHARIZARD is already / in battle!Ì
326	3486246	12,0	8,5	Do what with this ウエ?
327	3486276	12,0	8,5	CHARIZARD is already / in battle!Ì
328	3486396	12,0	8,5	Do what with this ウエ?
329	3486426	12,0	8,5	CHARIZARD is already / in battle!Ì
330	3486546	12,0	8,5	Do what with this ウエ?
331	3486576	12,0	8,5	CHARIZARD is already / in battle!Ì
332	3486696	12,0	8,5	Do what with this ウエ?
333	3486726	12,0	8,5	CHARIZARD is already / in battle!Ì
334	3486846	12,0	8,5	Do what with this ウエ?
335	3486876	12,0	8,5	CHARIZARD is already / in battle!Ì
336	3486996	12,0	8,5	Do what with this ウエ?
337	3487026	12,0	8,5	CHARIZARD is already / in battle!Ì
338	3487146	12,0	8,5	Do what with this ウエ?
339	3487176	12,0	8,5	CHARIZARD is already / in battle!Ì
340	3487296	12,0	8,5	Do what with this ウエ?
341	3487326	12,0	8,5	CHARIZARD is already / in battle!Ì
342	3487446	12,0	8,5	Do what with this ウエ?
343	3487476	12,0	8,5	CHARIZARD is already / in battle!Ì
344	3487596	12,0	8,5	Do what with this ウエ?
345	3487626	12,0	8,5	CHARIZARD is already / in battle!Ì
346	3487746	12,0	8,5	Do what with this ウエ?
347	3487776	12,0	8,5	CHARIZARD is already / in battle!Ì
348	3487896	12,0	8,5	Do what with this ウエ?
349	3487926	12,0	8,5	CHARIZARD is already / in battle!Ì
350	3488046	12,0	8,5	Do what with this ウエ?
351	3488076	12,0	8,5	CHARIZARD is already / in battle!Ì
352	3488196	12,0	8,5	Do what with this ウエ?
353	3488226	12,0	8,5	CHARIZARD is already / in battle!Ì
354	3488346	12,0	8,5	Do what with this ウエ?
355	3488376	12,0	8,5	CHARIZARD is already / in battle!Ì
356	3488496	12,0	8,5	Do what with this ウエ?
357	3488526	12,0	8,5	CHARIZARD is already / in battle!Ì
358	3488646	12,0	8,5	Do what with this ウエ?
359	3488676	12,0	8,5	CHARIZARD is already / in battle!Ì
360	3488796	12,0	8,5	Do what with this ウエ?
361	3488826	12,0	8,5	CHARIZARD is already / in battle!Ì
362	3488946	12,0	8,5	Do what with this ウエ?
363	3488976	12,0	8,5	CHARIZARD is already / in battle!Ì
364	3489096	12,0	8,5	Do what with this ウエ?
365	3489126	12,0	8,5	CHARIZARD is already / in battle!Ì
366	3489246	12,0	8,5	Do what with this ウエ?
367	3489276	12,0	8,5	CHARIZARD is already / in battle!Ì
368	3489396	12,0	8,5	Do what with this ウエ?
369	3489426	12,0	8,5	CHARIZARD is already / in battle!Ì
370	3489546	12,0	8,5	Do what with this ウエ?
371	3489576	12,0	8,5	CHARIZARD is already / in battle!Ì
372	3489696	12,0	8,5	Do what with this ウエ?
373	3489726	12,0	8,5	CHARIZARD is already / in battle!Ì
374	3489846	12,0	8,5	Do what with this ウエ?
375	3489876	12,0	8,5	CHARIZARD is already / in battle!Ì
376	3489996	12,0	8,5	Do what with this ウエ?
377	3490026	12,0	8,5	CHARIZARD is already / in battle!Ì
378	3490146	12,0	8,5	Do what with this ウエ?
379	3490176	12,0	8,5	CHARIZARD is already / in battle!Ì
380	3490296	12,0	8,5	Do what with this ウエ?
381	3490326	12,0	8,5	CHARIZARD is already / in battle!Ì
382	3490446	12,0	8,5	Do what with this ウエ?
383	3490476	12,0	8,5	CHARIZARD is already / in battle!Ì
384	3490596	12,0	8,5	Do what with this ウエ?
385	3490626	12,0	8,5	CHARIZARD is already / in battle!Ì
386	3492996	12,0	8,5	Do what with this ウエ?
387	3507006	12,0	8,5	CHARIZARD is already / in battle!Ì
388	3507126	12,0	8,5	Do what with this ウエ?
389	3507156	12,0	8,5	CHARIZARD is already / in battle!Ì
390	3507276	12,0	8,5	Do what with this ウエ?
391	3507306	12,0	8,5	CHARIZARD is already / in battle!Ì
392	3507426	12,0	8,5	Do what with this ウエ?
393	3507456	12,0	8,5	CHARIZARD is already / in battle!Ì
394	3507576	12,0	8,5	Do what with this ウエ?
395	3507606	12,0	8,5	CHARIZARD is already / in battle!Ì
396	3507726	12,0	8,5	Do what with this ウエ?
397	3507756	12,0	8,5	CHARIZARD is already / in battle!Ì
398	3507876	12,0	8,5	Do what with this ウエ?
399	3507906	12,0	8,5	CHARIZARD is already / in battle!Ì
400	3508026	12,0	8,5	Do what with this ウエ?
401	3508056	12,0	8,5	CHARIZARD is already / in battle!Ì
402	3508176	12,0	8,5	Do what with this ウエ?
403	3508206	12,0	8,5	CHARIZARD is already / in battle!Ì
404	3508326	12,0	8,5	Do what with this ウエ?
405	3508356	12,0	8,5	CHARIZARD is already / in battle!Ì
406	3508476	12,0	8,5	Do what with this ウエ?
407	3508506	12,0	8,5	CHARIZARD is already / in battle!Ì
408	3508626	12,0	8,5	Do what with this ウエ?
409	3508656	12,0	8,5	CHARIZARD is already / in battle!Ì
410	3508776	12,0	8,5	Do what with this ウエ?
411	3508806	12,0	8,5	CHARIZARD is already / in battle!Ì
412	3508926	12,0	8,5	Do what with this ウエ?
413	3508956	12,0	8,5	CHARIZARD is already / in battle!Ì
414	3509076	12,0	8,5	Do what with this ウエ?
415	3509106	12,0	8,5	CHARIZARD is already / in battle!Ì
416	3509226	12,0	8,5	Do what with this ウエ?
417	3509256	12,0	8,5	CHARIZARD is already / in battle!Ì
418	3509376	12,0	8,5	Do what with this ウエ?
419	3509406	12,0	8,5	CHARIZARD is already / in battle!Ì
420	3509526	12,0	8,5	Do what with this ウエ?
421	3509556	12,0	8,5	CHARIZARD is already / in battle!Ì
422	3509676	12,0	8,5	Do what with this ウエ?
423	3509706	12,0	8,5	CHARIZARD is already / in battle!Ì
424	3509826	12,0	8,5	Do what with this ウエ?
425	3509856	12,0	8,5	CHARIZARD is already / in battle!Ì
426	3509976	12,0	8,5	Do what with this ウエ?
427	3510006	12,0	8,5	CHARIZARD is already / in battle!Ì
428	3510126	12,0	8,5	Do what with this ウエ?
429	3510156	12,0	8,5	CHARIZARD is already / in battle!Ì
430	3510276	12,0	8,5	Do what with this ウエ?
431	3510306	12,0	8,5	CHARIZARD is already / in battle!Ì
432	3510426	12,0	8,5	Do what with this ウエ?
433	3510456	12,0	8,5	CHARIZARD is already / in battle!Ì
434	3510576	12,0	8,5	Do what with this ウエ?
435	3510606	12,0	8,5	CHARIZARD is already / in battle!Ì
436	3510726	12,0	8,5	Do what with this ウエ?
437	3510756	12,0	8,5	CHARIZARD is already / in battle!Ì
438	3510876	12,0	8,5	Do what with this ウエ?
439	3510906	12,0	8,5	CHARIZARD is already / in battle!Ì
440	3511026	12,0	8,5	Do what with this ウエ?
441	3511056	12,0	8,5	CHARIZARD is already / in battle!Ì
442	3511176	12,0	8,5	Do what with this ウエ?
443	3511206	12,0	8,5	CHARIZARD is already / in battle!Ì
444	3519636	12,0	8,5	Do what with this ウエ?
445	3521904	12,0	8,5	I have burned down to nothing! / Not even ashes remain! / You have earned the VOLCANOBADGE.
446	3522420	12,0	8,5	Hah! / The VOLCANOBADGE proves you / survived CINNABAR GYM’s heat.
447	3522606	12,0	8,5	But a BADGE is only proof of what / you have already survived. / Progress asks what you can build / next! / The machine by my desk can compile / a POKéMON from research data. / Answer its sequence correctly, and / generate PORYGON yourself!
448	3523296	12,0	8,5	The machine by my desk is ready. / Go on! / Turn research into a POKéMON!
449	3544356	12,0	5,3	PORYGON generator online. / Initialize build sequence?
450	3574326	12,0	5,3	Build a stable virtual POKéMON by / choosing the correct parameters.
451	3574536	12,0	5,3	Should the base form be coded from / a stable geometric pattern?
452	3574716	12,0	5,3	Parameter accepted.
453	3574806	12,0	5,3	Should random noise overwrite the / core data?
454	3595536	12,0	5,3	Parameter accepted.
455	3595626	12,0	5,3	Should the completed data receive / a physical projection?
456	3595806	12,0	5,3	Parameter accepted.
457	3595968	12,0	5,3	The machine compiled the data into / PORYGON!
458	3596268	12,0	5,3	MACHINE sent over PORYGON.
459	3596640	12,0	5,3	Take good care of PORYGON!
460	3596772	12,0	5,3	AAAAAAA obtained / the PORYGON!
461	3596856	12,0	5,3	Do you want to give a nickname to / this PORYGON?
462	3597486	12,0	5,3	PORYGON was transferred to / Someone’s PC. / It was placed in  / BOX “BOX1.”
463	3597726	12,0	5,3	The PORYGON generator hums quietly. / Its last pattern is safely archived.
464	3627954	3,8	44,5	ÀÁÂÂ7こ
465	3627960	3,8	44,5	Would you like to save the game?
466	3628134	3,8	44,5	SAVING… / DON’T TURN OFF THE POWER.
467	3628536	3,8	44,5	AAAAAAA saved the game.
468	3672504	1,55	8,33	POKéMON MANSION
469	3748578	1,57	12,6	A secret switch! / Press it?
470	3748692	1,57	12,6	Who wouldn’t?
471	3784590	1,57	19,15	AAAAAAA: Still poking around? / Good. Maybe you’re not completely / useless after all. / I don’t know what’s waiting below, / but it isn’t nothing. / So? Are you ready, or are you / going to turn back?
472	3785136	1,57	19,15	AAAAAAA: Then prove it. / Try keeping up!
473	3789954	1,57	19,15	Tch. / Fine, you’re ready enough.
474	3790314	1,57	19,15	AAAAAAA: Whatever’s below, / don’t slow me down. / I’m checking the rest of this / place. / Try not to fall apart.
475	3816882	1,55	18,24	Who are you? / There shouldn’t be anyone here.
476	3833250	1,58	7,21	????: Empty… / After all these years, empty. / MEWTWO was perfect power. / Power without waste. / Power without weakness.
477	3833724	1,58	7,21	MEWTWO broke free before that / power could be claimed. / No matter. / I built that power once. / I will retrieve it, perfect it, / and make it mine. / SILPH in SAFFRON has what I need. / A BALL that cannot fail.
478	3834438	1,58	7,21	Rumour recorded. / Compare three accounts in your / LOGBOOK to find an APEX POKéMON. / If you flee from its battle, / it will leave for good.
1	10794	1,55	8,33	POKéMON MANSION
2	50136	1,57	13,4	These journals are damaged, / but the formulas remain!
3	53094	1,57	13,4	My theory collapsed!
4	81756	1,57	12,6	A secret switch! / Press it?
5	81876	1,57	12,6	Who wouldn’t?
6	99744	1,57	19,15	AAAAAAA: Still poking around? / Good. Maybe you’re not completely / useless after all. / I don’t know what’s waiting below, / but it isn’t nothing. / So? Are you ready, or are you / going to turn back?
7	100296	1,57	19,15	AAAAAAA: Then prove it. / Try keeping up!
8	105114	1,57	19,15	Tch. / Fine, you’re ready enough.
9	105474	1,57	19,15	AAAAAAA: Whatever’s below, / don’t slow me down. / I’m checking the rest of this / place. / Try not to fall apart.
10	124542	1,55	18,24	Who are you? / There shouldn’t be anyone here.
11	131550	1,58	7,21	????: Empty… / After all these years, empty. / MEWTWO was perfect power. / Power without waste. / Power without weakness.
12	132024	1,58	7,21	MEWTWO broke free before that / power could be claimed. / No matter. / I built that power once. / I will retrieve it, perfect it, / and make it mine. / SILPH in SAFFRON has what I need. / A BALL that cannot fail.
13	132738	1,58	7,21	Rumour recorded. / Compare three accounts in your / LOGBOOK to find an APEX POKéMON. / If you flee from its battle, / it will leave for good.
14	153852	1,58	11,26	This place is abandoned? / Then nobody will miss what I / pocket!
15	156534	1,58	11,26	Hands off my haul!
16	157230	1,58	21,26	Uh-oh… / Where am I now?
17	329742	3,33	12,38	I’m timing my swim from PALLET / all the way to CINNABAR. / Battle me without breaking pace!
18	332394	3,33	12,38	Lost my pace!
19	332868	3,33	13,32	CINNABAR’s warm water meets the / cooler sea here. / That’s my favorite training spot, / and my favorite battle spot!
20	336924	3,33	13,32	I lost my rhythm in the current.
21	337410	3,33	13,24	I caught my POKéMON in the long / water north of CINNABAR. / They know this route’s rhythm!
22	339174	3,33	13,24	Dragged under!
23	355344	3,32	12,45	ROUTE 21 starts gentle, then / keeps pulling south. / I’ll match that current!
24	357864	3,32	12,45	Swept south!
25	451374	3,28	16,73	I count BIKERS as they pass. / You’re trainer number too many / not to challenge!
26	453924	3,28	16,73	Lost count!
27	502626	25,1	6,12	Excuse me! / Wait up, please!
28	502806	25,1	6,10	No BICYCLE? / You can rent one here for Routes / 16, 17, and 18. / The rental fee is 500. / Rent a BICYCLE?
29	503136	25,1	6,10	All set! / Ride carefully, and return it / when you leave the route.
30	635136	10,14	6,4	Welcome to CELADON GAME CORNER! / Do you need some game COINS? / Would you like to buy some?
31	682566	10,14	6,4	Thank you. / Here are your COINS!
32	708066	10,14	6,4	Welcome to CELADON GAME CORNER! / Do you need some game COINS? / Would you like to buy some?
33	708486	10,14	6,4	Thank you. / Here are your COINS!
34	742026	10,14	6,4	Welcome to CELADON GAME CORNER! / Do you need some game COINS? / Would you like to buy some?
35	782556	10,14	6,4	Thank you. / Here are your COINS!
36	810846	10,14	6,4	Welcome to CELADON GAME CORNER! / Do you need some game COINS? / Would you like to buy some?
37	811200	10,14	6,4	Thank you. / Here are your COINS!
38	811410	10,14	6,4	Welcome to CELADON GAME CORNER! / Do you need some game COINS? / Would you like to buy some?
39	811758	10,14	6,4	Thank you. / Here are your COINS!
40	811968	10,14	6,4	Welcome to CELADON GAME CORNER! / Do you need some game COINS? / Would you like to buy some?
41	812322	10,14	6,4	Thank you. / Here are your COINS!
42	812532	10,14	6,4	Welcome to CELADON GAME CORNER! / Do you need some game COINS? / Would you like to buy some?
43	812886	10,14	6,4	Thank you. / Here are your COINS!
44	813096	10,14	6,4	Welcome to CELADON GAME CORNER! / Do you need some game COINS? / Would you like to buy some?
45	813444	10,14	6,4	Thank you. / Here are your COINS!
46	813654	10,14	6,4	Welcome to CELADON GAME CORNER! / Do you need some game COINS? / Would you like to buy some?
47	814008	10,14	6,4	Thank you. / Here are your COINS!
48	814218	10,14	6,4	Welcome to CELADON GAME CORNER! / Do you need some game COINS? / Would you like to buy some?
49	814488	10,14	6,4	Thank you. / Here are your COINS!
50	839412	10,14	10,2	I’m guarding this poster! / Go away, or else!
51	859320	10,14	10,2	I better get going!
52	883020	10,14	11,2	It’s a poster advertising the / ROCKET LEAGUE.
53	952398	2,1	13,8	We exchange your COINS for prizes.
54	963006	2,1	13,8	Which prize would you like?
55	1044216	2,1	13,8	Okay, a TM of STRENGTH / is what you want?
56	1061676	2,1	13,8	Obtained the TM54!
57	1061760	2,1	13,8	AAAAAAA put the TM54 / in the TMs.
58	1101936	2,1	10,8	ROCKET LEAGUE uses a single / battle format. / You will face TEAM ROCKET / members and win COINS. / Win four consecutive matches, / and you’ll face the champion / of the league. / The CHAMPION only accepts those / who have beaten VIRIDIAN GYM. / Would you like to enter?
59	1173258	1,43	8,20	SILPH CO.
60	1279350	1,54	0,3	Which floor do you want?
61	1405536	1,47	35,5	Show TEAM ROCKET a little respect!
62	1407264	1,47	35,5	Cough… / Cough…
63	1433334	1,47	9,18	I heard a kid was wandering / around.
64	1465608	1,47	9,6	We study POKé BALL technology on / this floor.
65	1469934	1,47	9,6	Dang! / Blast it!
66	1600134	1,47	21,21	AAAAAAA found one CARD KEY!
67	1600218	1,47	21,21	AAAAAAA put the CARD KEY / in the KEY ITEMS.
68	1734570	1,54	0,3	Which floor do you want?
69	1751016	1,45	22,9	Quit messing with us, kid!
70	1754304	1,45	22,9	I give up!
71	1754694	1,45	22,12	Bingo! / The CARD KEY opened the door!
72	1794708	1,49	2,4	AAAAAAA: Ha! / Took you long enough, AAAAAAA. / Don’t tell me the ROCKETS / actually slowed you down.
73	1795062	1,49	2,4	AAAAAAA: I figured out why / they’re here before you did, / obviously. / SILPH isn’t just money. / It’s capture tech. / A MASTER BALL that can catch / anything... / Someone powerful would burn down / SAFFRON for that. / You’re going upstairs, right? / Ready to prove you won’t fold / when it matters?
74	1802394	1,49	2,4	Tch! / You might actually make it / to the top floor.
75	1802850	1,49	2,4	Fine. You can handle yourself. / But don’t get excited. / I already knew this was bigger / than a robbery. / Whoever is pulling TEAM ROCKET’s / strings wants control. / Not money. Not badges. / Control. / I’m finding my own way through. / Try not to trail too far behind. / Smell ya!
76	1825032	1,53	2,14	Stop right there! / Don’t you move!
77	1828344	1,53	2,14	Don’t… / Please!
78	1861446	1,53	5,18	Bingo! / The CARD KEY opened the door!
79	1875372	1,53	5,12	PRESIDENT: GIOVANNI, stop this! / The MASTER BALL was never meant / to enslave POKEMON. / If you force that power on MEWTWO, / you’ll bring ruin on us all.
80	1875798	1,53	5,12	GIOVANNI: Hmph.
81	1875948	1,53	5,12	GIOVANNI: You’re the child from / POKEMON MANSION... / So, you followed me from / CINNABAR ISLAND. / SILPH’s MASTER BALL is no mere / product. / It is control made mechanical. / Command made perfect. / With its plans, TEAM ROCKET will / manufacture the means to reclaim / MEWTWO. / Come forth. / I’ll deal with you now.
82	1876932	1,53	8,10	I will not allow sentiment to / interrupt absolute power.
83	1949376	1,53	8,10	Do what with this ウエ?
84	1949406	1,53	8,10	CHARIZARD has no energy / left to battle!Ì
85	1949556	1,53	8,10	Do what with this ウエ?
86	1949586	1,53	8,10	CHARIZARD has no energy / left to battle!Ì
87	1949736	1,53	8,10	Do what with this ウエ?
88	1949766	1,53	8,10	CHARIZARD has no energy / left to battle!Ì
89	1949916	1,53	8,10	Do what with this ウエ?
90	1949946	1,53	8,10	CHARIZARD has no energy / left to battle!Ì
91	1950096	1,53	8,10	Do what with this ウエ?
92	1950126	1,53	8,10	CHARIZARD has no energy / left to battle!Ì
93	1950276	1,53	8,10	Do what with this ウエ?
94	1950306	1,53	8,10	CHARIZARD has no energy / left to battle!Ì
95	1950456	1,53	8,10	Do what with this ウエ?
96	1950486	1,53	8,10	CHARIZARD has no energy / left to battle!Ì
97	1950636	1,53	8,10	Do what with this ウエ?
98	1950666	1,53	8,10	CHARIZARD has no energy / left to battle!Ì
99	1950816	1,53	8,10	Do what with this ウエ?
100	1950846	1,53	8,10	CHARIZARD has no energy / left to battle!Ì
101	1950996	1,53	8,10	Do what with this ウエ?
102	1951026	1,53	8,10	CHARIZARD has no energy / left to battle!Ì
103	1951176	1,53	8,10	Do what with this ウエ?
104	1951206	1,53	8,10	CHARIZARD has no energy / left to battle!Ì
105	1951356	1,53	8,10	Do what with this ウエ?
106	1951386	1,53	8,10	CHARIZARD has no energy / left to battle!Ì
107	1951536	1,53	8,10	Do what with this ウエ?
108	1951566	1,53	8,10	CHARIZARD has no energy / left to battle!Ì
109	1951716	1,53	8,10	Do what with this ウエ?
110	1951746	1,53	8,10	CHARIZARD has no energy / left to battle!Ì
111	1951896	1,53	8,10	Do what with this ウエ?
112	1951926	1,53	8,10	CHARIZARD has no energy / left to battle!Ì
113	1952076	1,53	8,10	Do what with this ウエ?
114	1952106	1,53	8,10	CHARIZARD has no energy / left to battle!Ì
115	1952256	1,53	8,10	Do what with this ウエ?
116	1952286	1,53	8,10	CHARIZARD has no energy / left to battle!Ì
117	1952436	1,53	8,10	Do what with this ウエ?
118	1952466	1,53	8,10	CHARIZARD has no energy / left to battle!Ì
119	1952616	1,53	8,10	Do what with this ウエ?
120	1952646	1,53	8,10	CHARIZARD has no energy / left to battle!Ì
121	1952796	1,53	8,10	Do what with this ウエ?
122	1952826	1,53	8,10	CHARIZARD has no energy / left to battle!Ì
123	1952976	1,53	8,10	Do what with this ウエ?
124	1953006	1,53	8,10	CHARIZARD has no energy / left to battle!Ì
125	1953156	1,53	8,10	Do what with this ウエ?
126	1953186	1,53	8,10	CHARIZARD has no energy / left to battle!Ì
127	1953336	1,53	8,10	Do what with this ウエ?
128	1953366	1,53	8,10	CHARIZARD has no energy / left to battle!Ì
129	1953516	1,53	8,10	Do what with this ウエ?
130	1953546	1,53	8,10	CHARIZARD has no energy / left to battle!Ì
131	1953696	1,53	8,10	Do what with this ウエ?
132	1953726	1,53	8,10	CHARIZARD has no energy / left to battle!Ì
133	1953876	1,53	8,10	Do what with this ウエ?
134	1953906	1,53	8,10	CHARIZARD has no energy / left to battle!Ì
135	1954056	1,53	8,10	Do what with this ウエ?
136	1954086	1,53	8,10	CHARIZARD has no energy / left to battle!Ì
137	1954236	1,53	8,10	Do what with this ウエ?
138	1954266	1,53	8,10	CHARIZARD has no energy / left to battle!Ì
139	1954416	1,53	8,10	Do what with this ウエ?
140	1954446	1,53	8,10	CHARIZARD has no energy / left to battle!Ì
141	1954596	1,53	8,10	Do what with this ウエ?
142	1954626	1,53	8,10	CHARIZARD has no energy / left to battle!Ì
143	1954776	1,53	8,10	Do what with this ウエ?
144	1954806	1,53	8,10	CHARIZARD has no energy / left to battle!Ì
145	1954956	1,53	8,10	Do what with this ウエ?
146	1954986	1,53	8,10	CHARIZARD has no energy / left to battle!Ì
147	1955136	1,53	8,10	Do what with this ウエ?
148	1955166	1,53	8,10	CHARIZARD has no energy / left to battle!Ì
149	1955316	1,53	8,10	Do what with this ウエ?
150	1955346	1,53	8,10	CHARIZARD has no energy / left to battle!Ì
151	1955496	1,53	8,10	Do what with this ウエ?
152	1955526	1,53	8,10	CHARIZARD has no energy / left to battle!Ì
153	1955676	1,53	8,10	Do what with this ウエ?
154	1955706	1,53	8,10	CHARIZARD has no energy / left to battle!Ì
155	1955856	1,53	8,10	Do what with this ウエ?
156	1955886	1,53	8,10	CHARIZARD has no energy / left to battle!Ì
157	1956036	1,53	8,10	Do what with this ウエ?
158	1956066	1,53	8,10	CHARIZARD has no energy / left to battle!Ì
159	1956216	1,53	8,10	Do what with this ウエ?
160	1956246	1,53	8,10	CHARIZARD has no energy / left to battle!Ì
161	1956396	1,53	8,10	Do what with this ウエ?
162	1956426	1,53	8,10	CHARIZARD has no energy / left to battle!Ì
163	1956576	1,53	8,10	Do what with this ウエ?
164	1956606	1,53	8,10	CHARIZARD has no energy / left to battle!Ì
165	1956756	1,53	8,10	Do what with this ウエ?
166	1956786	1,53	8,10	CHARIZARD has no energy / left to battle!Ì
167	1956936	1,53	8,10	Do what with this ウエ?
168	1956966	1,53	8,10	CHARIZARD has no energy / left to battle!Ì
169	1957116	1,53	8,10	Do what with this ウエ?
170	1957146	1,53	8,10	CHARIZARD has no energy / left to battle!Ì
171	1957296	1,53	8,10	Do what with this ウエ?
172	1957326	1,53	8,10	CHARIZARD has no energy / left to battle!Ì
173	1957476	1,53	8,10	Do what with this ウエ?
174	1957506	1,53	8,10	CHARIZARD has no energy / left to battle!Ì
175	1957656	1,53	8,10	Do what with this ウエ?
176	1957686	1,53	8,10	CHARIZARD has no energy / left to battle!Ì
177	1957836	1,53	8,10	Do what with this ウエ?
178	1957866	1,53	8,10	CHARIZARD has no energy / left to battle!Ì
179	1958016	1,53	8,10	Do what with this ウエ?
180	1958046	1,53	8,10	CHARIZARD has no energy / left to battle!Ì
181	1958196	1,53	8,10	Do what with this ウエ?
182	1958226	1,53	8,10	CHARIZARD has no energy / left to battle!Ì
183	1958376	1,53	8,10	Do what with this ウエ?
184	1958406	1,53	8,10	CHARIZARD has no energy / left to battle!Ì
185	1958556	1,53	8,10	Do what with this ウエ?
186	1958586	1,53	8,10	CHARIZARD has no energy / left to battle!Ì
187	1958736	1,53	8,10	Do what with this ウエ?
188	1958766	1,53	8,10	CHARIZARD has no energy / left to battle!Ì
189	1958916	1,53	8,10	Do what with this ウエ?
190	1958946	1,53	8,10	CHARIZARD has no energy / left to battle!Ì
191	1959096	1,53	8,10	Do what with this ウエ?
192	1959126	1,53	8,10	CHARIZARD has no energy / left to battle!Ì
193	1959276	1,53	8,10	Do what with this ウエ?
194	1959306	1,53	8,10	CHARIZARD has no energy / left to battle!Ì
195	1959456	1,53	8,10	Do what with this ウエ?
196	1959486	1,53	8,10	CHARIZARD has no energy / left to battle!Ì
197	1959636	1,53	8,10	Do what with this ウエ?
198	1959666	1,53	8,10	CHARIZARD has no energy / left to battle!Ì
199	1959816	1,53	8,10	Do what with this ウエ?
200	1959846	1,53	8,10	CHARIZARD has no energy / left to battle!Ì
201	1959996	1,53	8,10	Do what with this ウエ?
202	1960026	1,53	8,10	CHARIZARD has no energy / left to battle!Ì
203	1960176	1,53	8,10	Do what with this ウエ?
204	1960206	1,53	8,10	CHARIZARD has no energy / left to battle!Ì
205	1960356	1,53	8,10	Do what with this ウエ?
206	1960386	1,53	8,10	CHARIZARD has no energy / left to battle!Ì
207	1960536	1,53	8,10	Do what with this ウエ?
208	1960566	1,53	8,10	CHARIZARD has no energy / left to battle!Ì
209	1960716	1,53	8,10	Do what with this ウエ?
210	1960746	1,53	8,10	CHARIZARD has no energy / left to battle!Ì
211	1960896	1,53	8,10	Do what with this ウエ?
212	1960926	1,53	8,10	CHARIZARD has no energy / left to battle!Ì
213	1961076	1,53	8,10	Do what with this ウエ?
214	1961106	1,53	8,10	CHARIZARD has no energy / left to battle!Ì
215	1961256	1,53	8,10	Do what with this ウエ?
216	1961286	1,53	8,10	CHARIZARD has no energy / left to battle!Ì
217	1961436	1,53	8,10	Do what with this ウエ?
218	1961466	1,53	8,10	CHARIZARD has no energy / left to battle!Ì
219	1961616	1,53	8,10	Do what with this ウエ?
220	1961646	1,53	8,10	CHARIZARD has no energy / left to battle!Ì
221	1961796	1,53	8,10	Do what with this ウエ?
222	1961826	1,53	8,10	CHARIZARD has no energy / left to battle!Ì
223	1961976	1,53	8,10	Do what with this ウエ?
224	1962006	1,53	8,10	CHARIZARD has no energy / left to battle!Ì
225	1962156	1,53	8,10	Do what with this ウエ?
226	1962186	1,53	8,10	CHARIZARD has no energy / left to battle!Ì
227	1962336	1,53	8,10	Do what with this ウエ?
228	1962366	1,53	8,10	CHARIZARD has no energy / left to battle!Ì
229	1983756	1,53	8,10	Do what with this ウエ?
230	1985256	1,53	8,10	PIKACHU has no energy / left to battle!Ì
231	1985406	1,53	8,10	Do what with this ウエ?
232	1985436	1,53	8,10	PIKACHU has no energy / left to battle!Ì
233	1985586	1,53	8,10	Do what with this ウエ?
234	1985616	1,53	8,10	PIKACHU has no energy / left to battle!Ì
235	1985766	1,53	8,10	Do what with this ウエ?
236	1985796	1,53	8,10	PIKACHU has no energy / left to battle!Ì
237	1985946	1,53	8,10	Do what with this ウエ?
238	1985976	1,53	8,10	PIKACHU has no energy / left to battle!Ì
239	1986126	1,53	8,10	Do what with this ウエ?
240	1986156	1,53	8,10	PIKACHU has no energy / left to battle!Ì
241	1986306	1,53	8,10	Do what with this ウエ?
242	1986336	1,53	8,10	PIKACHU has no energy / left to battle!Ì
243	1986486	1,53	8,10	Do what with this ウエ?
244	1986516	1,53	8,10	PIKACHU has no energy / left to battle!Ì
245	1986666	1,53	8,10	Do what with this ウエ?
246	1986696	1,53	8,10	PIKACHU has no energy / left to battle!Ì
247	1986846	1,53	8,10	Do what with this ウエ?
248	1986876	1,53	8,10	PIKACHU has no energy / left to battle!Ì
249	1987026	1,53	8,10	Do what with this ウエ?
250	1987056	1,53	8,10	PIKACHU has no energy / left to battle!Ì
251	1987206	1,53	8,10	Do what with this ウエ?
252	1987236	1,53	8,10	PIKACHU has no energy / left to battle!Ì
253	1987386	1,53	8,10	Do what with this ウエ?
254	1987416	1,53	8,10	PIKACHU has no energy / left to battle!Ì
255	1987566	1,53	8,10	Do what with this ウエ?
256	1987596	1,53	8,10	PIKACHU has no energy / left to battle!Ì
257	1987746	1,53	8,10	Do what with this ウエ?
258	1987776	1,53	8,10	PIKACHU has no energy / left to battle!Ì
259	1987926	1,53	8,10	Do what with this ウエ?
260	1987956	1,53	8,10	PIKACHU has no energy / left to battle!Ì
261	1988106	1,53	8,10	Do what with this ウエ?
262	1988136	1,53	8,10	PIKACHU has no energy / left to battle!Ì
263	1988286	1,53	8,10	Do what with this ウエ?
264	1988316	1,53	8,10	PIKACHU has no energy / left to battle!Ì
265	1988466	1,53	8,10	Do what with this ウエ?
266	1988496	1,53	8,10	PIKACHU has no energy / left to battle!Ì
267	1988646	1,53	8,10	Do what with this ウエ?
268	1988676	1,53	8,10	PIKACHU has no energy / left to battle!Ì
269	1988826	1,53	8,10	Do what with this ウエ?
270	1988856	1,53	8,10	PIKACHU has no energy / left to battle!Ì
271	1989006	1,53	8,10	Do what with this ウエ?
272	1989036	1,53	8,10	PIKACHU has no energy / left to battle!Ì
273	1989186	1,53	8,10	Do what with this ウエ?
274	1989216	1,53	8,10	PIKACHU has no energy / left to battle!Ì
275	1989366	1,53	8,10	Do what with this ウエ?
276	1989396	1,53	8,10	PIKACHU has no energy / left to battle!Ì
277	1989546	1,53	8,10	Do what with this ウエ?
278	1989576	1,53	8,10	PIKACHU has no energy / left to battle!Ì
279	1989726	1,53	8,10	Do what with this ウエ?
280	1989756	1,53	8,10	PIKACHU has no energy / left to battle!Ì
281	1989906	1,53	8,10	Do what with this ウエ?
282	1989936	1,53	8,10	PIKACHU has no energy / left to battle!Ì
283	1990086	1,53	8,10	Do what with this ウエ?
284	1990116	1,53	8,10	PIKACHU has no energy / left to battle!Ì
285	1990266	1,53	8,10	Do what with this ウエ?
286	1990296	1,53	8,10	PIKACHU has no energy / left to battle!Ì
287	1990446	1,53	8,10	Do what with this ウエ?
288	1990476	1,53	8,10	PIKACHU has no energy / left to battle!Ì
289	1990626	1,53	8,10	Do what with this ウエ?
290	1990656	1,53	8,10	PIKACHU has no energy / left to battle!Ì
291	1990806	1,53	8,10	Do what with this ウエ?
292	1990836	1,53	8,10	PIKACHU has no energy / left to battle!Ì
293	1990986	1,53	8,10	Do what with this ウエ?
294	1991016	1,53	8,10	PIKACHU has no energy / left to battle!Ì
295	1991166	1,53	8,10	Do what with this ウエ?
296	1991196	1,53	8,10	PIKACHU has no energy / left to battle!Ì
297	1991346	1,53	8,10	Do what with this ウエ?
298	1991376	1,53	8,10	PIKACHU has no energy / left to battle!Ì
299	1991526	1,53	8,10	Do what with this ウエ?
300	1991556	1,53	8,10	PIKACHU has no energy / left to battle!Ì
301	1991706	1,53	8,10	Do what with this ウエ?
302	1991736	1,53	8,10	PIKACHU has no energy / left to battle!Ì
303	1991886	1,53	8,10	Do what with this ウエ?
304	1991916	1,53	8,10	PIKACHU has no energy / left to battle!Ì
305	1992066	1,53	8,10	Do what with this ウエ?
306	1992096	1,53	8,10	PIKACHU has no energy / left to battle!Ì
307	1992246	1,53	8,10	Do what with this ウエ?
308	1992276	1,53	8,10	PIKACHU has no energy / left to battle!Ì
309	1992426	1,53	8,10	Do what with this ウエ?
310	1992456	1,53	8,10	PIKACHU has no energy / left to battle!Ì
311	1992606	1,53	8,10	Do what with this ウエ?
312	1992636	1,53	8,10	PIKACHU has no energy / left to battle!Ì
313	1992786	1,53	8,10	Do what with this ウエ?
314	1992816	1,53	8,10	PIKACHU has no energy / left to battle!Ì
315	1992966	1,53	8,10	Do what with this ウエ?
316	1992996	1,53	8,10	PIKACHU has no energy / left to battle!Ì
317	1993146	1,53	8,10	Do what with this ウエ?
318	1993176	1,53	8,10	PIKACHU has no energy / left to battle!Ì
319	1993326	1,53	8,10	Do what with this ウエ?
320	1993356	1,53	8,10	PIKACHU has no energy / left to battle!Ì
321	1993506	1,53	8,10	Do what with this ウエ?
322	1993536	1,53	8,10	PIKACHU has no energy / left to battle!Ì
323	1993686	1,53	8,10	Do what with this ウエ?
324	1993716	1,53	8,10	PIKACHU has no energy / left to battle!Ì
325	1993866	1,53	8,10	Do what with this ウエ?
326	1993896	1,53	8,10	PIKACHU has no energy / left to battle!Ì
327	1994046	1,53	8,10	Do what with this ウエ?
328	1994076	1,53	8,10	PIKACHU has no energy / left to battle!Ì
329	1994226	1,53	8,10	Do what with this ウエ?
330	1994256	1,53	8,10	PIKACHU has no energy / left to battle!Ì
331	1994406	1,53	8,10	Do what with this ウエ?
332	1994436	1,53	8,10	PIKACHU has no energy / left to battle!Ì
333	1994586	1,53	8,10	Do what with this ウエ?
334	1994616	1,53	8,10	PIKACHU has no energy / left to battle!Ì
335	1994766	1,53	8,10	Do what with this ウエ?
336	1994796	1,53	8,10	PIKACHU has no energy / left to battle!Ì
337	1994946	1,53	8,10	Do what with this ウエ?
338	1994976	1,53	8,10	PIKACHU has no energy / left to battle!Ì
339	1995126	1,53	8,10	Do what with this ウエ?
340	1995156	1,53	8,10	PIKACHU has no energy / left to battle!Ì
341	1995306	1,53	8,10	Do what with this ウエ?
342	1995336	1,53	8,10	PIKACHU has no energy / left to battle!Ì
343	1995486	1,53	8,10	Do what with this ウエ?
344	1995516	1,53	8,10	PIKACHU has no energy / left to battle!Ì
345	1995666	1,53	8,10	Do what with this ウエ?
346	1995696	1,53	8,10	PIKACHU has no energy / left to battle!Ì
347	1995846	1,53	8,10	Do what with this ウエ?
348	1995876	1,53	8,10	PIKACHU has no energy / left to battle!Ì
349	1996026	1,53	8,10	Do what with this ウエ?
350	1996056	1,53	8,10	PIKACHU has no energy / left to battle!Ì
351	1996206	1,53	8,10	Do what with this ウエ?
352	1996236	1,53	8,10	PIKACHU has no energy / left to battle!Ì
353	1996386	1,53	8,10	Do what with this ウエ?
354	1996416	1,53	8,10	PIKACHU has no energy / left to battle!Ì
355	1996566	1,53	8,10	Do what with this ウエ?
356	1996596	1,53	8,10	PIKACHU has no energy / left to battle!Ì
357	1996746	1,53	8,10	Do what with this ウエ?
358	1996776	1,53	8,10	PIKACHU has no energy / left to battle!Ì
359	1996926	1,53	8,10	Do what with this ウエ?
360	1996956	1,53	8,10	PIKACHU has no energy / left to battle!Ì
361	1997106	1,53	8,10	Do what with this ウエ?
362	1997136	1,53	8,10	PIKACHU has no energy / left to battle!Ì
363	1997286	1,53	8,10	Do what with this ウエ?
364	1997316	1,53	8,10	PIKACHU has no energy / left to battle!Ì
365	1997466	1,53	8,10	Do what with this ウエ?
366	1997496	1,53	8,10	PIKACHU has no energy / left to battle!Ì
367	1997646	1,53	8,10	Do what with this ウエ?
368	1997676	1,53	8,10	PIKACHU has no energy / left to battle!Ì
369	1997826	1,53	8,10	Do what with this ウエ?
370	1997856	1,53	8,10	PIKACHU has no energy / left to battle!Ì
371	1998006	1,53	8,10	Do what with this ウエ?
372	1998036	1,53	8,10	PIKACHU has no energy / left to battle!Ì
373	1998186	1,53	8,10	Do what with this ウエ?
374	1998216	1,53	8,10	PIKACHU has no energy / left to battle!Ì
375	1998366	1,53	8,10	Do what with this ウエ?
376	1998396	1,53	8,10	PIKACHU has no energy / left to battle!Ì
377	1998546	1,53	8,10	Do what with this ウエ?
378	1998576	1,53	8,10	PIKACHU has no energy / left to battle!Ì
379	1998726	1,53	8,10	Do what with this ウエ?
380	1998756	1,53	8,10	PIKACHU has no energy / left to battle!Ì
381	1998906	1,53	8,10	Do what with this ウエ?
382	1998936	1,53	8,10	PIKACHU has no energy / left to battle!Ì
383	1999086	1,53	8,10	Do what with this ウエ?
384	1999116	1,53	8,10	PIKACHU has no energy / left to battle!Ì
385	1999266	1,53	8,10	Do what with this ウエ?
386	1999296	1,53	8,10	PIKACHU has no energy / left to battle!Ì
387	1999446	1,53	8,10	Do what with this ウエ?
388	1999476	1,53	8,10	PIKACHU has no energy / left to battle!Ì
389	1999626	1,53	8,10	Do what with this ウエ?
390	1999656	1,53	8,10	PIKACHU has no energy / left to battle!Ì
391	1999806	1,53	8,10	Do what with this ウエ?
392	1999836	1,53	8,10	PIKACHU has no energy / left to battle!Ì
393	1999986	1,53	8,10	Do what with this ウエ?
394	2000016	1,53	8,10	PIKACHU has no energy / left to battle!Ì
395	2000166	1,53	8,10	Do what with this ウエ?
396	2000196	1,53	8,10	PIKACHU has no energy / left to battle!Ì
397	2000346	1,53	8,10	Do what with this ウエ?
398	2000376	1,53	8,10	PIKACHU has no energy / left to battle!Ì
399	2000526	1,53	8,10	Do what with this ウエ?
400	2000556	1,53	8,10	PIKACHU has no energy / left to battle!Ì
401	2000706	1,53	8,10	Do what with this ウエ?
402	2000736	1,53	8,10	PIKACHU has no energy / left to battle!Ì
403	2000886	1,53	8,10	Do what with this ウエ?
404	2000916	1,53	8,10	PIKACHU has no energy / left to battle!Ì
405	2001066	1,53	8,10	Do what with this ウエ?
406	2001096	1,53	8,10	PIKACHU has no energy / left to battle!Ì
407	2001246	1,53	8,10	Do what with this ウエ?
408	2001276	1,53	8,10	PIKACHU has no energy / left to battle!Ì
409	2001426	1,53	8,10	Do what with this ウエ?
410	2001456	1,53	8,10	PIKACHU has no energy / left to battle!Ì
411	2001606	1,53	8,10	Do what with this ウエ?
412	2001636	1,53	8,10	PIKACHU has no energy / left to battle!Ì
413	2001786	1,53	8,10	Do what with this ウエ?
414	2001816	1,53	8,10	PIKACHU has no energy / left to battle!Ì
415	2001966	1,53	8,10	Do what with this ウエ?
416	2030340	1,53	5,18	Bingo! / The CARD KEY opened the door!
417	2030622	1,53	5,12	PRESIDENT: GIOVANNI, stop this! / The MASTER BALL was never meant / to enslave POKEMON. / If you force that power on MEWTWO, / you’ll bring ruin on us all.
418	2031048	1,53	5,12	GIOVANNI: Hmph.
419	2031198	1,53	5,12	GIOVANNI: You’re the child from / POKEMON MANSION... / So, you followed me from / CINNABAR ISLAND. / SILPH’s MASTER BALL is no mere / product. / It is control made mechanical. / Command made perfect. / With its plans, TEAM ROCKET will / manufacture the means to reclaim / MEWTWO. / Come forth. / I’ll deal with you now.
420	2032182	1,53	8,10	I will not allow sentiment to / interrupt absolute power.
421	2040996	1,53	8,10	No… / The plan was flawless!
422	2041362	1,53	8,10	GIOVANNI: So SILPH’s MASTER BALL / will remain out of reach. / No matter. / A BALL is only one way to claim / power. / SILPH’s signal research will / complete my device. / I will call MEWTWO to ROUTE 7. / Once it answers, no LEAGUE, / no child, and no bond will stand / in my way. / TEAM ROCKET, withdraw. / We have what we need.
423	2061030	1,53	9,10	PRESIDENT: Oh, dear boy! / Thank you for saving SILPH. / GIOVANNI failed to take the / MASTER BALL plans. / But before he fled, he accessed / our signal research. / If he combines it with old / CINNABAR records, he may force / MEWTWO to respond. / Please, take this. / If he reaches MEWTWO, you may / need it.
424	2062374	1,53	9,10	AAAAAAA obtained a MASTER BALL / from the PRESIDENT!
425	2062548	1,53	9,10	AAAAAAA put the MASTER BALL / in the POKé BALLS.
426	2062674	1,53	9,10	PRESIDENT: You can’t buy that / anywhere. / It’s our secret prototype MASTER / BALL. / It was built to catch any POKéMON / without fail. / But a capture is only a beginning. / It cannot make a POKéMON trust / you. That part is up to you.
427	2063340	1,53	9,10	Rumour updated.
428	2118528	1,54	0,3	Which floor do you want?
429	2178336	3,10	41,21	ÀÁÂÂAAAAAAA
430	2178342	3,10	41,21	Would you like to save the game?
431	2178516	3,10	41,21	SAVING… / DON’T TURN OFF THE POWER.
432	2178918	3,10	41,21	AAAAAAA saved the game.
433	2266404	3,17	18,62	Everyone says ROUTE 7 is short, / but it’s never quiet. / If you’re passing through, battle / me first!
434	2270304	3,17	18,62	That was quick, all right!
435	2295390	3,17	7,57	LORELEI: You’re late. / We all were. / MEWTWO tore through here / under GIOVANNI’s command...
436	2296206	3,17	10,61	GIOVANNI: MEWTWO. / Destroy the ELITE FOUR. / Show them perfected power.
437	2296566	3,17	10,61	LORELEI: MEWTWO! / Stop!
438	2296680	3,17	10,61	GIOVANNI: The signal holds. / Fire.
439	2296962	3,17	7,57	LORELEI: That is what I saw. / Power without trust only / becomes another storm.
440	2321826	3,17	13,45	BRUNO: I met MEWTWO head-on. / Foolish. / It pushed through me like / I was mist.
441	2322702	3,17	10,46	BRUNO: Hah! / Then strike me!
442	2323122	3,17	13,45	BRUNO: I felt no discipline / in that power. / Only pressure.
443	2323806	3,17	6,28	AGATHA: GIOVANNI thought / control was the same as / trust. / Always the same mistake.
444	2324622	3,17	10,31	GIOVANNI: MEWTWO. / Again. / Obey.
445	2324928	3,17	10,31	AGATHA: Hah. / Hear that silence? / It is already choosing / whether to listen.
446	2325186	3,17	10,31	GIOVANNI: The signal / still holds. / MEWTWO obeys me.
447	2325366	3,17	10,31	GIOVANNI: Then strike her.
448	2325624	3,17	10,31	AGATHA: Not for long.
449	2325834	3,17	6,28	AGATHA: He learned nothing. / MEWTWO learned faster. / LANCE followed them into the / cave opened by MEWTWO’s blast.
450	2376732	1,90	9,4	LANCE: I followed GIOVANNI / and MEWTWO into this cave, / opened by MEWTWO’s blast. / GIOVANNI’s signal was / breaking. / MEWTWO was beginning to / choose for itself.
451	2377728	1,90	9,8	GIOVANNI: The signal / still holds. / MEWTWO, return to me.
452	2378028	1,90	9,8	MEWTWO: GYAAOOO! / LANCE: It’s rejecting / his control!
453	2378322	1,90	9,8	GIOVANNI: MEWTWO! / You will not escape me. / Not again!
454	2378634	1,90	9,4	LANCE: MEWTWO fled north. / GIOVANNI followed it toward / CERULEAN CAVE.
455	2378832	1,90	9,4	Rumour updated.
456	2401392	1,90	9,4	LANCE: MEWTWO fled north. / GIOVANNI followed it toward / CERULEAN CAVE.
457	2569494	1,68	33,21	CERULEAN CAVE
458	2793348	1,70	7,16	GIOVANNI: So this is the answer. / I poured wealth, science, and will / into creating absolute power. / Yet when it stood before me, no / order I gave could bind it. / Not force. Not fear. / Not even the strongest BALLS. / It has judged me unworthy. / Perhaps you will fare better. / Go on, then. / Show me what power answers to / when it refuses to answer to me.
459	2795808	1,70	9,15	GIOVANNI: MEWTWO waits. / If you believe trust can reach / what power could not, prove it.
460	2854050	1,70	7,13	OAK: The POKéDEX is struggling / to classify that presence. / MEWTWO’s power is not natural / instinct alone. / It is a question we created / but do not understand.
461	2854596	1,70	7,13	GIOVANNI: So that is the difference. / I tried to possess MEWTWO. / You faced it as a TRAINER. / Perhaps absolute power was never / something a person could own. / There is nothing left for me / to take from this place. / I will return to VIRIDIAN GYM.
462	3061506	1,70	7,13	ÀÁÂÂAAAAAAA
463	3061512	1,70	7,13	Would you like to save the game?
464	3061686	1,70	7,13	SAVING… / DON’T TURN OFF THE POWER.
465	3062076	1,70	7,13	AAAAAAA saved the game.
1	185976	3,19	14,23	These rocks are younger than the / ones in ROCK TUNNEL. / Still, they have stories. / Battle me and I’ll tell you!
2	202734	3,19	14,23	Your team made better history!
3	249606	3,20	16,37	The water beside ROCK TUNNEL / is colder than it looks. / A cold current makes you sharp!
4	253104	3,20	16,37	You stayed sharp!
5	253854	3,20	14,54	The water by the POWER PLANT / pulls in sudden bursts. / If you can read currents, / you can read battles!
6	257676	3,20	14,54	You read that current / better than I did!
7	282108	3,20	14,54	When storms pass over the POWER / PLANT, the river keeps buzzing. / It’s like nature is feeding it / power without end.
8	282528	3,20	14,54	Rumour recorded. / Compare three accounts in your / LOGBOOK to find an APEX POKéMON. / If you flee from its battle, / it will leave for good.
9	300918	1,87	5,38	POWER PLANT
10	642552	1,87	14,19	A good circuit needs balance. / So does a good POKéMON team!
11	645534	1,87	14,19	My circuit is broken!
12	645972	1,87	18,19	Hear that hum? / The whole plant is charging / up again!
13	648894	1,87	18,19	The circuit broke!
14	650802	1,87	24,24	Loose wires. Live floors. / One careless step and zap!
15	654180	1,87	24,24	Shorted out!
16	669498	1,87	24,24	I saw lightning gather here / without a cloud overhead. / No battery can hold power like / that. It just keeps coming.
17	669918	1,87	24,24	Rumour updated.
18	694122	1,87	33,32	Careful around live wires! / My team carries quite a charge.
19	697440	1,87	33,32	That was quite a shock!
20	830286	1,87	33,32	ÀÁÂÂAAAAAAA
21	830292	1,87	33,32	Would you like to save the game?
22	830466	1,87	33,32	SAVING… / DON’T TURN OFF THE POWER.
23	830862	1,87	33,32	AAAAAAA saved the game.
24	860892	3,20	7,51	ÀÁÂÂ7こ
25	860898	3,20	7,51	Would you like to save the game?
26	861072	3,20	7,51	SAVING… / DON’T TURN OFF THE POWER.
27	861474	3,20	7,51	AAAAAAA saved the game.
1	10932	1,87	5,38	POWER PLANT
2	28224	1,87	38,17	These magnets are acting strange. / Your POKEMON might be the reason!
3	31974	1,87	38,17	My data scattered!
4	37500	1,87	13,10	I helped restart this place. / That charge still runs through / my team!
5	42852	1,87	13,10	You grounded me!
6	51678	1,87	13,10	Even when the generators quiet / down, the air still crackles. / It feels like the power is coming / from the sky itself.
7	52068	1,87	13,10	Rumour updated.
8	64794	1,87	39,8	SKREEEAAW!
9	66588	1,87	39,8	OAK: Extraordinary! That power / reading did not fade after battle. / ZAPDOS seems less like stored / electricity. / It is more like a source / that renews itself.
10	90012	1,87	45,30	Don’t touch anything glowing. / Unless you’re ready to battle!
11	92994	1,87	45,30	Overexposed!
12	159492	3,15	28,4	I camp here because ROUTE 5 is / quiet for a road near SAFFRON. / A calm route makes a sharp team!
13	162114	3,15	28,4	You stayed sharper than me!
14	223326	10,14	6,4	Welcome to CELADON GAME CORNER! / Do you need some game COINS? / Would you like to buy some?
15	246546	10,14	6,4	No? / Please come play sometime!
16	312618	25,1	6,12	Excuse me! / Wait up, please!
17	312786	25,1	6,10	No BICYCLE? / You can rent one here for Routes / 16, 17, and 18. / The rental fee is 500. / Rent a BICYCLE?
18	313116	25,1	6,10	All set! / Ride carefully, and return it / when you leave the route.
19	370830	11,3	7,12	I was honored to witness your / trial with KOGA. / The way you worked together to free / that LAVIC STONE was remarkable. / Please speak with KOGA. / Your reward is waiting.
20	383874	11,3	8,6	KOGA: Fwahahaha! / The LAVIC STONE is secure, and / your challenge was witnessed. / You earned the SOULBADGE in / CINNABAR VOLCANO. / Accept another tool of / togetherness.
21	384894	11,3	8,6	Take this GOLBAT as well. / It has trained beside my clan and / understands the strength of trust.
22	385170	11,3	8,6	AAAAAAA received GOLBAT / from KOGA.
23	385278	11,3	8,6	Do you want to give a nickname to / this GOLBAT?
24	385884	11,3	8,6	GOLBAT was transferred to / Someone’s PC. / It was placed in  / BOX “BOX1.”
25	398676	11,3	8,6	GOLBAT evolves through friendship. / Move with it as one, and it may / become a CROBAT.
26	467796	11,3	8,6	TM54 is / selected.
27	468018	11,3	8,6	Teach which POKéMON?
28	468156	11,3	8,6	CHARIZARD wants to learn the / move STRENGTH. / However, CHARIZARD already / knows four moves. / Should a move be deleted and / replaced with STRENGTH?
29	596718	3,31	101,10	The sea is rough enough to make / every stroke count. / That’s perfect training for me!
30	599514	3,31	101,10	Lost my pace!
31	600288	3,31	71,12	Swim, bike, run. / This channel is my open-water / training course, and SEAFOAM is / my turn marker!
32	603054	3,31	71,12	Missed the turn!
33	628134	1,78	6,21	SEAFOAM ISLANDS
34	702576	1,81	13,17	It’s a big boulder, but a POKéMON / may be able to push it aside. / Would you like to use STRENGTH?
35	702960	1,81	13,17	CHARIZARD used STRENGTH! / CHARIZARD’s STRENGTH made it / possible to move boulders around!
36	784176	1,82	12,12	OAK: AAAAAAA! / This isn’t the time to use that!Ì
37	966180	1,81	13,17	CHARIZARD used STRENGTH! / CHARIZARD’s STRENGTH made it / possible to move boulders around!
38	1006212	1,80	7,17	Would you like to save the game?
39	1006392	1,80	7,17	SAVING… / DON’T TURN OFF THE POWER.
40	1006740	1,80	7,17	AAAAAAA saved the game.
1	13848	1,81	13,17	It’s a big boulder, but a POKéMON / may be able to push it aside. / Would you like to use STRENGTH?
2	14238	1,81	13,17	CHARIZARD used STRENGTH! / CHARIZARD’s STRENGTH made it / possible to move boulders around!
3	58038	1,82	10,2	KREEEAAH!
4	59988	1,82	10,2	OAK: Your readings show a sudden / collapse in temperature. / ARTICUNO changes an environment / all at once. / Adaptation under pressure... / remarkable.
5	223476	3,31	54,12	I like floating where the waves / split around SEAFOAM. / Battle me before I drift off!
6	225474	3,31	54,12	Drifted too far!
7	226134	3,31	34,9	The water here polishes stones / and shells until they shine. / My POKéMON battle just as bright!
8	230064	3,31	34,9	Lost the shine!
9	232626	3,8	46,6	CINNABAR ISLAND POKéMON GYM / LEADER: BLAINE / The Hotheaded Quiz Master!
10	315078	4,3	6,4	OAK: Good to see you! / How is your POKéDEX coming along? / Here, let me take a look.
11	315768	4,3	6,4	The amount of progress you’ve made / on your POKéDEX is: / 134 POKéMON seen and / 6 POKéMON owned. / ÉÁPROF. OAK’s rating:
12	316098	4,3	6,4	You still have lots to do. / Go into every patch of grass you / see and look for POKéMON!
13	316548	4,3	6,4	And your NATIONAL POKéDEX is: / 134 POKéMON seen and / 6 POKéMON owned.
14	316758	4,3	6,4	I’ll be looking forward to seeing / you fill the NATIONAL POKéDEX!
15	424122	5,1	17,20	Yo! / Champ in the making! / Even I don’t know the VIRIDIAN / LEADER’s identity. / But one thing’s certain. / This will be the toughest of all / the GYM LEADERS. / Also, I heard that the TRAINERS / here like GROUND-type POKéMON.
16	563376	5,1	3,2	GIOVANNI: You have seen me seek / power in ruins, in industry, and / before MEWTWO itself. / Every time, you stood in my way. / Very well. / No machines. No inventions. / No stolen advantage. / Only a TRAINER and his team. / Face GIOVANNI, LEADER of the / VIRIDIAN GYM!ÎéÀ
17	568050	5,1	3,2	Do what with this ウエ?
18	568080	5,1	3,2	CHARIZARD is already / in battle!Ì
19	568200	5,1	3,2	Do what with this ウエ?
20	568230	5,1	3,2	CHARIZARD is already / in battle!Ì
21	568350	5,1	3,2	Do what with this ウエ?
22	568380	5,1	3,2	CHARIZARD is already / in battle!Ì
23	568500	5,1	3,2	Do what with this ウエ?
24	568530	5,1	3,2	CHARIZARD is already / in battle!Ì
25	568650	5,1	3,2	Do what with this ウエ?
26	568680	5,1	3,2	CHARIZARD is already / in battle!Ì
27	568800	5,1	3,2	Do what with this ウエ?
28	568830	5,1	3,2	CHARIZARD is already / in battle!Ì
29	568950	5,1	3,2	Do what with this ウエ?
30	568980	5,1	3,2	CHARIZARD is already / in battle!Ì
31	569100	5,1	3,2	Do what with this ウエ?
32	569130	5,1	3,2	CHARIZARD is already / in battle!Ì
33	569250	5,1	3,2	Do what with this ウエ?
34	569280	5,1	3,2	CHARIZARD is already / in battle!Ì
35	569400	5,1	3,2	Do what with this ウエ?
36	569430	5,1	3,2	CHARIZARD is already / in battle!Ì
37	569550	5,1	3,2	Do what with this ウエ?
38	569580	5,1	3,2	CHARIZARD is already / in battle!Ì
39	569700	5,1	3,2	Do what with this ウエ?
40	569730	5,1	3,2	CHARIZARD is already / in battle!Ì
41	569850	5,1	3,2	Do what with this ウエ?
42	569880	5,1	3,2	CHARIZARD is already / in battle!Ì
43	570000	5,1	3,2	Do what with this ウエ?
44	570030	5,1	3,2	CHARIZARD is already / in battle!Ì
45	570150	5,1	3,2	Do what with this ウエ?
46	570180	5,1	3,2	CHARIZARD is already / in battle!Ì
47	570300	5,1	3,2	Do what with this ウエ?
48	570330	5,1	3,2	CHARIZARD is already / in battle!Ì
49	570450	5,1	3,2	Do what with this ウエ?
50	570480	5,1	3,2	CHARIZARD is already / in battle!Ì
51	570600	5,1	3,2	Do what with this ウエ?
52	570630	5,1	3,2	CHARIZARD is already / in battle!Ì
53	570750	5,1	3,2	Do what with this ウエ?
54	570780	5,1	3,2	CHARIZARD is already / in battle!Ì
55	570900	5,1	3,2	Do what with this ウエ?
56	570930	5,1	3,2	CHARIZARD is already / in battle!Ì
57	571050	5,1	3,2	Do what with this ウエ?
58	571080	5,1	3,2	CHARIZARD is already / in battle!Ì
59	571200	5,1	3,2	Do what with this ウエ?
60	571230	5,1	3,2	CHARIZARD is already / in battle!Ì
61	571350	5,1	3,2	Do what with this ウエ?
62	571380	5,1	3,2	CHARIZARD is already / in battle!Ì
63	571500	5,1	3,2	Do what with this ウエ?
64	571530	5,1	3,2	CHARIZARD is already / in battle!Ì
65	571650	5,1	3,2	Do what with this ウエ?
66	571680	5,1	3,2	CHARIZARD is already / in battle!Ì
67	571800	5,1	3,2	Do what with this ウエ?
68	571830	5,1	3,2	CHARIZARD is already / in battle!Ì
69	571950	5,1	3,2	Do what with this ウエ?
70	571980	5,1	3,2	CHARIZARD is already / in battle!Ì
71	572100	5,1	3,2	Do what with this ウエ?
72	572130	5,1	3,2	CHARIZARD is already / in battle!Ì
73	572250	5,1	3,2	Do what with this ウエ?
74	572280	5,1	3,2	CHARIZARD is already / in battle!Ì
75	572400	5,1	3,2	Do what with this ウエ?
76	572430	5,1	3,2	CHARIZARD is already / in battle!Ì
77	572550	5,1	3,2	Do what with this ウエ?
78	572580	5,1	3,2	CHARIZARD is already / in battle!Ì
79	572700	5,1	3,2	Do what with this ウエ?
80	572730	5,1	3,2	CHARIZARD is already / in battle!Ì
81	572850	5,1	3,2	Do what with this ウエ?
82	572880	5,1	3,2	CHARIZARD is already / in battle!Ì
83	573000	5,1	3,2	Do what with this ウエ?
84	573030	5,1	3,2	CHARIZARD is already / in battle!Ì
85	573150	5,1	3,2	Do what with this ウエ?
86	573180	5,1	3,2	CHARIZARD is already / in battle!Ì
87	573300	5,1	3,2	Do what with this ウエ?
88	573330	5,1	3,2	CHARIZARD is already / in battle!Ì
89	573450	5,1	3,2	Do what with this ウエ?
90	573480	5,1	3,2	CHARIZARD is already / in battle!Ì
91	573600	5,1	3,2	Do what with this ウエ?
92	573630	5,1	3,2	CHARIZARD is already / in battle!Ì
93	573750	5,1	3,2	Do what with this ウエ?
94	573780	5,1	3,2	CHARIZARD is already / in battle!Ì
95	573900	5,1	3,2	Do what with this ウエ?
96	573930	5,1	3,2	CHARIZARD is already / in battle!Ì
97	574050	5,1	3,2	Do what with this ウエ?
98	574080	5,1	3,2	CHARIZARD is already / in battle!Ì
99	574200	5,1	3,2	Do what with this ウエ?
100	574230	5,1	3,2	CHARIZARD is already / in battle!Ì
101	574350	5,1	3,2	Do what with this ウエ?
102	574380	5,1	3,2	CHARIZARD is already / in battle!Ì
103	574500	5,1	3,2	Do what with this ウエ?
104	574530	5,1	3,2	CHARIZARD is already / in battle!Ì
105	574650	5,1	3,2	Do what with this ウエ?
106	574680	5,1	3,2	CHARIZARD is already / in battle!Ì
107	574800	5,1	3,2	Do what with this ウエ?
108	574830	5,1	3,2	CHARIZARD is already / in battle!Ì
109	574950	5,1	3,2	Do what with this ウエ?
110	574980	5,1	3,2	CHARIZARD is already / in battle!Ì
111	575100	5,1	3,2	Do what with this ウエ?
112	575130	5,1	3,2	CHARIZARD is already / in battle!Ì
113	575250	5,1	3,2	Do what with this ウエ?
114	575280	5,1	3,2	CHARIZARD is already / in battle!Ì
115	575400	5,1	3,2	Do what with this ウエ?
116	575430	5,1	3,2	CHARIZARD is already / in battle!Ì
117	575550	5,1	3,2	Do what with this ウエ?
118	575580	5,1	3,2	CHARIZARD is already / in battle!Ì
119	575700	5,1	3,2	Do what with this ウエ?
120	575730	5,1	3,2	CHARIZARD is already / in battle!Ì
121	575850	5,1	3,2	Do what with this ウエ?
122	575880	5,1	3,2	CHARIZARD is already / in battle!Ì
123	576000	5,1	3,2	Do what with this ウエ?
124	576030	5,1	3,2	CHARIZARD is already / in battle!Ì
125	576150	5,1	3,2	Do what with this ウエ?
126	576180	5,1	3,2	CHARIZARD is already / in battle!Ì
127	576300	5,1	3,2	Do what with this ウエ?
128	576330	5,1	3,2	CHARIZARD is already / in battle!Ì
129	576450	5,1	3,2	Do what with this ウエ?
130	576480	5,1	3,2	CHARIZARD is already / in battle!Ì
131	576600	5,1	3,2	Do what with this ウエ?
132	576630	5,1	3,2	CHARIZARD is already / in battle!Ì
133	576750	5,1	3,2	Do what with this ウエ?
134	576780	5,1	3,2	CHARIZARD is already / in battle!Ì
135	576900	5,1	3,2	Do what with this ウエ?
136	576930	5,1	3,2	CHARIZARD is already / in battle!Ì
137	577050	5,1	3,2	Do what with this ウエ?
138	577080	5,1	3,2	CHARIZARD is already / in battle!Ì
139	577200	5,1	3,2	Do what with this ウエ?
140	577230	5,1	3,2	CHARIZARD is already / in battle!Ì
141	577350	5,1	3,2	Do what with this ウエ?
142	577380	5,1	3,2	CHARIZARD is already / in battle!Ì
143	577500	5,1	3,2	Do what with this ウエ?
144	577530	5,1	3,2	CHARIZARD is already / in battle!Ì
145	577650	5,1	3,2	Do what with this ウエ?
146	577680	5,1	3,2	CHARIZARD is already / in battle!Ì
147	577800	5,1	3,2	Do what with this ウエ?
148	577830	5,1	3,2	CHARIZARD is already / in battle!Ì
149	577950	5,1	3,2	Do what with this ウエ?
150	577980	5,1	3,2	CHARIZARD is already / in battle!Ì
151	578100	5,1	3,2	Do what with this ウエ?
152	578130	5,1	3,2	CHARIZARD is already / in battle!Ì
153	578250	5,1	3,2	Do what with this ウエ?
154	578280	5,1	3,2	CHARIZARD is already / in battle!Ì
155	578400	5,1	3,2	Do what with this ウエ?
156	578430	5,1	3,2	CHARIZARD is already / in battle!Ì
157	578550	5,1	3,2	Do what with this ウエ?
158	578580	5,1	3,2	CHARIZARD is already / in battle!Ì
159	578700	5,1	3,2	Do what with this ウエ?
160	578730	5,1	3,2	CHARIZARD is already / in battle!Ì
161	578850	5,1	3,2	Do what with this ウエ?
162	578880	5,1	3,2	CHARIZARD is already / in battle!Ì
163	579000	5,1	3,2	Do what with this ウエ?
164	579030	5,1	3,2	CHARIZARD is already / in battle!Ì
165	579150	5,1	3,2	Do what with this ウエ?
166	579180	5,1	3,2	CHARIZARD is already / in battle!Ì
167	579300	5,1	3,2	Do what with this ウエ?
168	579330	5,1	3,2	CHARIZARD is already / in battle!Ì
169	579450	5,1	3,2	Do what with this ウエ?
170	579480	5,1	3,2	CHARIZARD is already / in battle!Ì
171	579600	5,1	3,2	Do what with this ウエ?
172	579630	5,1	3,2	CHARIZARD is already / in battle!Ì
173	579750	5,1	3,2	Do what with this ウエ?
174	579780	5,1	3,2	CHARIZARD is already / in battle!Ì
175	579900	5,1	3,2	Do what with this ウエ?
176	579930	5,1	3,2	CHARIZARD is already / in battle!Ì
177	580050	5,1	3,2	Do what with this ウエ?
178	580080	5,1	3,2	CHARIZARD is already / in battle!Ì
179	580200	5,1	3,2	Do what with this ウエ?
180	580230	5,1	3,2	CHARIZARD is already / in battle!Ì
181	580350	5,1	3,2	Do what with this ウエ?
182	580380	5,1	3,2	CHARIZARD is already / in battle!Ì
183	580500	5,1	3,2	Do what with this ウエ?
184	580530	5,1	3,2	CHARIZARD is already / in battle!Ì
185	580650	5,1	3,2	Do what with this ウエ?
186	580680	5,1	3,2	CHARIZARD is already / in battle!Ì
187	580800	5,1	3,2	Do what with this ウエ?
188	580830	5,1	3,2	CHARIZARD is already / in battle!Ì
189	580950	5,1	3,2	Do what with this ウエ?
190	580980	5,1	3,2	CHARIZARD is already / in battle!Ì
191	581100	5,1	3,2	Do what with this ウエ?
192	581130	5,1	3,2	CHARIZARD is already / in battle!Ì
193	581250	5,1	3,2	Do what with this ウエ?
194	581280	5,1	3,2	CHARIZARD is already / in battle!Ì
195	581400	5,1	3,2	Do what with this ウエ?
196	581430	5,1	3,2	CHARIZARD is already / in battle!Ì
197	581550	5,1	3,2	Do what with this ウエ?
198	581580	5,1	3,2	CHARIZARD is already / in battle!Ì
199	581700	5,1	3,2	Do what with this ウエ?
200	581730	5,1	3,2	CHARIZARD is already / in battle!Ì
201	581850	5,1	3,2	Do what with this ウエ?
202	581880	5,1	3,2	CHARIZARD is already / in battle!Ì
203	582000	5,1	3,2	Do what with this ウエ?
204	582030	5,1	3,2	CHARIZARD is already / in battle!Ì
205	582150	5,1	3,2	Do what with this ウエ?
206	582180	5,1	3,2	CHARIZARD is already / in battle!Ì
207	582300	5,1	3,2	Do what with this ウエ?
208	582330	5,1	3,2	CHARIZARD is already / in battle!Ì
209	582450	5,1	3,2	Do what with this ウエ?
210	582480	5,1	3,2	CHARIZARD is already / in battle!Ì
211	582600	5,1	3,2	Do what with this ウエ?
212	582630	5,1	3,2	CHARIZARD is already / in battle!Ì
213	582750	5,1	3,2	Do what with this ウエ?
214	582780	5,1	3,2	CHARIZARD is already / in battle!Ì
215	582900	5,1	3,2	Do what with this ウエ?
216	582930	5,1	3,2	CHARIZARD is already / in battle!Ì
217	583050	5,1	3,2	Do what with this ウエ?
218	583080	5,1	3,2	CHARIZARD is already / in battle!Ì
219	583200	5,1	3,2	Do what with this ウエ?
220	583230	5,1	3,2	CHARIZARD is already / in battle!Ì
221	583350	5,1	3,2	Do what with this ウエ?
222	583380	5,1	3,2	CHARIZARD is already / in battle!Ì
223	583500	5,1	3,2	Do what with this ウエ?
224	583530	5,1	3,2	CHARIZARD is already / in battle!Ì
225	583650	5,1	3,2	Do what with this ウエ?
226	583680	5,1	3,2	CHARIZARD is already / in battle!Ì
227	583800	5,1	3,2	Do what with this ウエ?
228	583830	5,1	3,2	CHARIZARD is already / in battle!Ì
229	583950	5,1	3,2	Do what with this ウエ?
230	585666	5,1	3,2	CHARIZARD is already / in battle!Ì
231	585966	5,1	3,2	Do what with this ウエ?
232	586146	5,1	3,2	CHARIZARD is already / in battle!Ì
233	586266	5,1	3,2	Do what with this ウエ?
234	586296	5,1	3,2	CHARIZARD is already / in battle!Ì
235	586416	5,1	3,2	Do what with this ウエ?
236	586446	5,1	3,2	CHARIZARD is already / in battle!Ì
237	586566	5,1	3,2	Do what with this ウエ?
238	586596	5,1	3,2	CHARIZARD is already / in battle!Ì
239	586716	5,1	3,2	Do what with this ウエ?
240	586746	5,1	3,2	CHARIZARD is already / in battle!Ì
241	586866	5,1	3,2	Do what with this ウエ?
242	586896	5,1	3,2	CHARIZARD is already / in battle!Ì
243	587016	5,1	3,2	Do what with this ウエ?
244	587046	5,1	3,2	CHARIZARD is already / in battle!Ì
245	587166	5,1	3,2	Do what with this ウエ?
246	587196	5,1	3,2	CHARIZARD is already / in battle!Ì
247	587316	5,1	3,2	Do what with this ウエ?
248	587346	5,1	3,2	CHARIZARD is already / in battle!Ì
249	587466	5,1	3,2	Do what with this ウエ?
250	587496	5,1	3,2	CHARIZARD is already / in battle!Ì
251	587616	5,1	3,2	Do what with this ウエ?
252	587646	5,1	3,2	CHARIZARD is already / in battle!Ì
253	587766	5,1	3,2	Do what with this ウエ?
254	587796	5,1	3,2	CHARIZARD is already / in battle!Ì
255	587916	5,1	3,2	Do what with this ウエ?
256	587946	5,1	3,2	CHARIZARD is already / in battle!Ì
257	588066	5,1	3,2	Do what with this ウエ?
258	588096	5,1	3,2	CHARIZARD is already / in battle!Ì
259	588216	5,1	3,2	Do what with this ウエ?
260	588246	5,1	3,2	CHARIZARD is already / in battle!Ì
261	588366	5,1	3,2	Do what with this ウエ?
262	588396	5,1	3,2	CHARIZARD is already / in battle!Ì
263	588516	5,1	3,2	Do what with this ウエ?
264	588546	5,1	3,2	CHARIZARD is already / in battle!Ì
265	588666	5,1	3,2	Do what with this ウエ?
266	588696	5,1	3,2	CHARIZARD is already / in battle!Ì
267	588816	5,1	3,2	Do what with this ウエ?
268	588846	5,1	3,2	CHARIZARD is already / in battle!Ì
269	588966	5,1	3,2	Do what with this ウエ?
270	588996	5,1	3,2	CHARIZARD is already / in battle!Ì
271	589116	5,1	3,2	Do what with this ウエ?
272	589146	5,1	3,2	CHARIZARD is already / in battle!Ì
273	589266	5,1	3,2	Do what with this ウエ?
274	589296	5,1	3,2	CHARIZARD is already / in battle!Ì
275	589416	5,1	3,2	Do what with this ウエ?
276	589446	5,1	3,2	CHARIZARD is already / in battle!Ì
277	589566	5,1	3,2	Do what with this ウエ?
278	589596	5,1	3,2	CHARIZARD is already / in battle!Ì
279	589716	5,1	3,2	Do what with this ウエ?
280	589746	5,1	3,2	CHARIZARD is already / in battle!Ì
281	589866	5,1	3,2	Do what with this ウエ?
282	589896	5,1	3,2	CHARIZARD is already / in battle!Ì
283	590016	5,1	3,2	Do what with this ウエ?
284	590046	5,1	3,2	CHARIZARD is already / in battle!Ì
285	590166	5,1	3,2	Do what with this ウエ?
286	590196	5,1	3,2	CHARIZARD is already / in battle!Ì
287	590316	5,1	3,2	Do what with this ウエ?
288	590346	5,1	3,2	CHARIZARD is already / in battle!Ì
289	590466	5,1	3,2	Do what with this ウエ?
290	590496	5,1	3,2	CHARIZARD is already / in battle!Ì
291	590616	5,1	3,2	Do what with this ウエ?
292	590646	5,1	3,2	CHARIZARD is already / in battle!Ì
293	590766	5,1	3,2	Do what with this ウエ?
294	590796	5,1	3,2	CHARIZARD is already / in battle!Ì
295	590916	5,1	3,2	Do what with this ウエ?
296	590946	5,1	3,2	CHARIZARD is already / in battle!Ì
297	591066	5,1	3,2	Do what with this ウエ?
298	591096	5,1	3,2	CHARIZARD is already / in battle!Ì
299	591216	5,1	3,2	Do what with this ウエ?
300	591246	5,1	3,2	CHARIZARD is already / in battle!Ì
301	591366	5,1	3,2	Do what with this ウエ?
302	591396	5,1	3,2	CHARIZARD is already / in battle!Ì
303	591516	5,1	3,2	Do what with this ウエ?
304	591546	5,1	3,2	CHARIZARD is already / in battle!Ì
305	591666	5,1	3,2	Do what with this ウエ?
306	591696	5,1	3,2	CHARIZARD is already / in battle!Ì
307	591816	5,1	3,2	Do what with this ウエ?
308	591846	5,1	3,2	CHARIZARD is already / in battle!Ì
309	591966	5,1	3,2	Do what with this ウエ?
310	591996	5,1	3,2	CHARIZARD is already / in battle!Ì
311	592116	5,1	3,2	Do what with this ウエ?
312	592146	5,1	3,2	CHARIZARD is already / in battle!Ì
313	592266	5,1	3,2	Do what with this ウエ?
314	592296	5,1	3,2	CHARIZARD is already / in battle!Ì
315	592416	5,1	3,2	Do what with this ウエ?
316	592446	5,1	3,2	CHARIZARD is already / in battle!Ì
317	592566	5,1	3,2	Do what with this ウエ?
318	592596	5,1	3,2	CHARIZARD is already / in battle!Ì
319	592716	5,1	3,2	Do what with this ウエ?
320	592746	5,1	3,2	CHARIZARD is already / in battle!Ì
321	592866	5,1	3,2	Do what with this ウエ?
322	592896	5,1	3,2	CHARIZARD is already / in battle!Ì
323	593016	5,1	3,2	Do what with this ウエ?
324	593046	5,1	3,2	CHARIZARD is already / in battle!Ì
325	593166	5,1	3,2	Do what with this ウエ?
326	593196	5,1	3,2	CHARIZARD is already / in battle!Ì
327	593316	5,1	3,2	Do what with this ウエ?
328	593346	5,1	3,2	CHARIZARD is already / in battle!Ì
329	593466	5,1	3,2	Do what with this ウエ?
330	593496	5,1	3,2	CHARIZARD is already / in battle!Ì
331	593616	5,1	3,2	Do what with this ウエ?
332	593646	5,1	3,2	CHARIZARD is already / in battle!Ì
333	593766	5,1	3,2	Do what with this ウエ?
334	593796	5,1	3,2	CHARIZARD is already / in battle!Ì
335	593916	5,1	3,2	Do what with this ウエ?
336	593946	5,1	3,2	CHARIZARD is already / in battle!Ì
337	594066	5,1	3,2	Do what with this ウエ?
338	594096	5,1	3,2	CHARIZARD is already / in battle!Ì
339	594216	5,1	3,2	Do what with this ウエ?
340	594246	5,1	3,2	CHARIZARD is already / in battle!Ì
341	594366	5,1	3,2	Do what with this ウエ?
342	594396	5,1	3,2	CHARIZARD is already / in battle!Ì
343	594516	5,1	3,2	Do what with this ウエ?
344	594546	5,1	3,2	CHARIZARD is already / in battle!Ì
345	594666	5,1	3,2	Do what with this ウエ?
346	594696	5,1	3,2	CHARIZARD is already / in battle!Ì
347	594816	5,1	3,2	Do what with this ウエ?
348	594846	5,1	3,2	CHARIZARD is already / in battle!Ì
349	594966	5,1	3,2	Do what with this ウエ?
350	594996	5,1	3,2	CHARIZARD is already / in battle!Ì
351	595116	5,1	3,2	Do what with this ウエ?
352	595146	5,1	3,2	CHARIZARD is already / in battle!Ì
353	595266	5,1	3,2	Do what with this ウエ?
354	595296	5,1	3,2	CHARIZARD is already / in battle!Ì
355	595416	5,1	3,2	Do what with this ウエ?
356	595446	5,1	3,2	CHARIZARD is already / in battle!Ì
357	595566	5,1	3,2	Do what with this ウエ?
358	595596	5,1	3,2	CHARIZARD is already / in battle!Ì
359	595716	5,1	3,2	Do what with this ウエ?
360	595746	5,1	3,2	CHARIZARD is already / in battle!Ì
361	595866	5,1	3,2	Do what with this ウエ?
362	595896	5,1	3,2	CHARIZARD is already / in battle!Ì
363	596016	5,1	3,2	Do what with this ウエ?
364	596046	5,1	3,2	CHARIZARD is already / in battle!Ì
365	596166	5,1	3,2	Do what with this ウエ?
366	596196	5,1	3,2	CHARIZARD is already / in battle!Ì
367	596316	5,1	3,2	Do what with this ウエ?
368	596346	5,1	3,2	CHARIZARD is already / in battle!Ì
369	596466	5,1	3,2	Do what with this ウエ?
370	596496	5,1	3,2	CHARIZARD is already / in battle!Ì
371	596616	5,1	3,2	Do what with this ウエ?
372	596646	5,1	3,2	CHARIZARD is already / in battle!Ì
373	596766	5,1	3,2	Do what with this ウエ?
374	596796	5,1	3,2	CHARIZARD is already / in battle!Ì
375	596916	5,1	3,2	Do what with this ウエ?
376	596946	5,1	3,2	CHARIZARD is already / in battle!Ì
377	597066	5,1	3,2	Do what with this ウエ?
378	597096	5,1	3,2	CHARIZARD is already / in battle!Ì
379	597216	5,1	3,2	Do what with this ウエ?
380	597246	5,1	3,2	CHARIZARD is already / in battle!Ì
381	597366	5,1	3,2	Do what with this ウエ?
382	597396	5,1	3,2	CHARIZARD is already / in battle!Ì
383	597516	5,1	3,2	Do what with this ウエ?
384	597546	5,1	3,2	CHARIZARD is already / in battle!Ì
385	597666	5,1	3,2	Do what with this ウエ?
386	597696	5,1	3,2	CHARIZARD is already / in battle!Ì
387	597816	5,1	3,2	Do what with this ウエ?
388	597846	5,1	3,2	CHARIZARD is already / in battle!Ì
389	597966	5,1	3,2	Do what with this ウエ?
390	597996	5,1	3,2	CHARIZARD is already / in battle!Ì
391	598116	5,1	3,2	Do what with this ウエ?
392	694776	5,1	3,2	CHARIZARD is already / in battle!Ì
393	694896	5,1	3,2	Do what with this ウエ?
394	694926	5,1	3,2	CHARIZARD is already / in battle!Ì
395	695046	5,1	3,2	Do what with this ウエ?
396	695076	5,1	3,2	CHARIZARD is already / in battle!Ì
397	695196	5,1	3,2	Do what with this ウエ?
398	695226	5,1	3,2	CHARIZARD is already / in battle!Ì
399	695346	5,1	3,2	Do what with this ウエ?
400	695376	5,1	3,2	CHARIZARD is already / in battle!Ì
401	695496	5,1	3,2	Do what with this ウエ?
402	695526	5,1	3,2	CHARIZARD is already / in battle!Ì
403	695646	5,1	3,2	Do what with this ウエ?
404	695676	5,1	3,2	CHARIZARD is already / in battle!Ì
405	695796	5,1	3,2	Do what with this ウエ?
406	695826	5,1	3,2	CHARIZARD is already / in battle!Ì
407	695946	5,1	3,2	Do what with this ウエ?
408	695976	5,1	3,2	CHARIZARD is already / in battle!Ì
409	696096	5,1	3,2	Do what with this ウエ?
410	696126	5,1	3,2	CHARIZARD is already / in battle!Ì
411	696246	5,1	3,2	Do what with this ウエ?
412	696276	5,1	3,2	CHARIZARD is already / in battle!Ì
413	696396	5,1	3,2	Do what with this ウエ?
414	696426	5,1	3,2	CHARIZARD is already / in battle!Ì
415	696546	5,1	3,2	Do what with this ウエ?
416	696576	5,1	3,2	CHARIZARD is already / in battle!Ì
417	696696	5,1	3,2	Do what with this ウエ?
418	696726	5,1	3,2	CHARIZARD is already / in battle!Ì
419	696846	5,1	3,2	Do what with this ウエ?
420	696876	5,1	3,2	CHARIZARD is already / in battle!Ì
421	696996	5,1	3,2	Do what with this ウエ?
422	697026	5,1	3,2	CHARIZARD is already / in battle!Ì
423	697146	5,1	3,2	Do what with this ウエ?
424	697176	5,1	3,2	CHARIZARD is already / in battle!Ì
425	697296	5,1	3,2	Do what with this ウエ?
426	697326	5,1	3,2	CHARIZARD is already / in battle!Ì
427	697446	5,1	3,2	Do what with this ウエ?
428	697476	5,1	3,2	CHARIZARD is already / in battle!Ì
429	697596	5,1	3,2	Do what with this ウエ?
430	697626	5,1	3,2	CHARIZARD is already / in battle!Ì
431	697746	5,1	3,2	Do what with this ウエ?
432	697776	5,1	3,2	CHARIZARD is already / in battle!Ì
433	697896	5,1	3,2	Do what with this ウエ?
434	697926	5,1	3,2	CHARIZARD is already / in battle!Ì
435	698046	5,1	3,2	Do what with this ウエ?
436	698076	5,1	3,2	CHARIZARD is already / in battle!Ì
437	698196	5,1	3,2	Do what with this ウエ?
438	698226	5,1	3,2	CHARIZARD is already / in battle!Ì
439	698346	5,1	3,2	Do what with this ウエ?
440	698376	5,1	3,2	CHARIZARD is already / in battle!Ì
441	698496	5,1	3,2	Do what with this ウエ?
442	698526	5,1	3,2	CHARIZARD is already / in battle!Ì
443	698646	5,1	3,2	Do what with this ウエ?
444	698676	5,1	3,2	CHARIZARD is already / in battle!Ì
445	698796	5,1	3,2	Do what with this ウエ?
446	698826	5,1	3,2	CHARIZARD is already / in battle!Ì
447	698946	5,1	3,2	Do what with this ウエ?
448	698976	5,1	3,2	CHARIZARD is already / in battle!Ì
449	699096	5,1	3,2	Do what with this ウエ?
450	699126	5,1	3,2	CHARIZARD is already / in battle!Ì
451	699246	5,1	3,2	Do what with this ウエ?
452	699276	5,1	3,2	CHARIZARD is already / in battle!Ì
453	699396	5,1	3,2	Do what with this ウエ?
454	699426	5,1	3,2	CHARIZARD is already / in battle!Ì
455	699546	5,1	3,2	Do what with this ウエ?
456	699576	5,1	3,2	CHARIZARD is already / in battle!Ì
457	699696	5,1	3,2	Do what with this ウエ?
458	699726	5,1	3,2	CHARIZARD is already / in battle!Ì
459	699846	5,1	3,2	Do what with this ウエ?
460	699876	5,1	3,2	CHARIZARD is already / in battle!Ì
461	699996	5,1	3,2	Do what with this ウエ?
462	700026	5,1	3,2	CHARIZARD is already / in battle!Ì
463	700146	5,1	3,2	Do what with this ウエ?
464	700176	5,1	3,2	CHARIZARD is already / in battle!Ì
465	700296	5,1	3,2	Do what with this ウエ?
466	700326	5,1	3,2	CHARIZARD is already / in battle!Ì
467	700446	5,1	3,2	Do what with this ウエ?
468	700476	5,1	3,2	CHARIZARD is already / in battle!Ì
469	700596	5,1	3,2	Do what with this ウエ?
470	700626	5,1	3,2	CHARIZARD is already / in battle!Ì
471	700746	5,1	3,2	Do what with this ウエ?
472	700776	5,1	3,2	CHARIZARD is already / in battle!Ì
473	700896	5,1	3,2	Do what with this ウエ?
474	700926	5,1	3,2	CHARIZARD is already / in battle!Ì
475	701046	5,1	3,2	Do what with this ウエ?
476	701076	5,1	3,2	CHARIZARD is already / in battle!Ì
477	701196	5,1	3,2	Do what with this ウエ?
478	701226	5,1	3,2	CHARIZARD is already / in battle!Ì
479	701346	5,1	3,2	Do what with this ウエ?
480	701376	5,1	3,2	CHARIZARD is already / in battle!Ì
481	701496	5,1	3,2	Do what with this ウエ?
482	701526	5,1	3,2	CHARIZARD is already / in battle!Ì
483	701646	5,1	3,2	Do what with this ウエ?
484	701676	5,1	3,2	CHARIZARD is already / in battle!Ì
485	701796	5,1	3,2	Do what with this ウエ?
486	701826	5,1	3,2	CHARIZARD is already / in battle!Ì
487	701946	5,1	3,2	Do what with this ウエ?
488	701976	5,1	3,2	CHARIZARD is already / in battle!Ì
489	702096	5,1	3,2	Do what with this ウエ?
490	702126	5,1	3,2	CHARIZARD is already / in battle!Ì
491	702246	5,1	3,2	Do what with this ウエ?
492	702276	5,1	3,2	CHARIZARD is already / in battle!Ì
493	702396	5,1	3,2	Do what with this ウエ?
494	702426	5,1	3,2	CHARIZARD is already / in battle!Ì
495	702546	5,1	3,2	Do what with this ウエ?
496	702576	5,1	3,2	CHARIZARD is already / in battle!Ì
497	702696	5,1	3,2	Do what with this ウエ?
498	702726	5,1	3,2	CHARIZARD is already / in battle!Ì
499	702846	5,1	3,2	Do what with this ウエ?
500	702876	5,1	3,2	CHARIZARD is already / in battle!Ì
501	702996	5,1	3,2	Do what with this ウエ?
502	703026	5,1	3,2	CHARIZARD is already / in battle!Ì
503	703146	5,1	3,2	Do what with this ウエ?
504	703176	5,1	3,2	CHARIZARD is already / in battle!Ì
505	703296	5,1	3,2	Do what with this ウエ?
506	703326	5,1	3,2	CHARIZARD is already / in battle!Ì
507	703446	5,1	3,2	Do what with this ウエ?
508	703476	5,1	3,2	CHARIZARD is already / in battle!Ì
509	703596	5,1	3,2	Do what with this ウエ?
510	703626	5,1	3,2	CHARIZARD is already / in battle!Ì
511	703746	5,1	3,2	Do what with this ウエ?
512	703776	5,1	3,2	CHARIZARD is already / in battle!Ì
513	703896	5,1	3,2	Do what with this ウエ?
514	703926	5,1	3,2	CHARIZARD is already / in battle!Ì
515	704046	5,1	3,2	Do what with this ウエ?
516	704076	5,1	3,2	CHARIZARD is already / in battle!Ì
517	704196	5,1	3,2	Do what with this ウエ?
518	704226	5,1	3,2	CHARIZARD is already / in battle!Ì
519	704346	5,1	3,2	Do what with this ウエ?
520	704376	5,1	3,2	CHARIZARD is already / in battle!Ì
521	704496	5,1	3,2	Do what with this ウエ?
522	738036	5,1	3,2	CHARIZARD is already / in battle!Ì
523	774396	5,1	3,2	Do what with this ウエ?
524	779274	5,1	3,2	Ha! / That was a truly intense fight. / You have won! / As proof, here is the EARTHBADGE! / áÎÇÀË / Ëカね
525	780156	5,1	3,2	GIOVANNI: I chased absolute power / because I mistook control for / strength. / A creature in a vat. / A BALL that never fails. / A command no one could refuse. / But MEWTWO answered control with / defiance. / My own POKéMON answered trust. / You stood before power without / trying to own it. / You trusted your team, and they / trusted you. / That is what I had forgotten. / That is what TEAM ROCKET must / learn. / As of today, TEAM ROCKET changes / course. / No more shadows. / No more conquest. / I will begin again, not as a tyrant, / but as a TRAINER. / Farewell, AAAAAAA.
526	794556	5,1	3,2	The EARTHBADGE is evidence of / your mastery as a TRAINER. / But obedience is earned through / the trust recorded in your / FIELD AIDE work. / With it, you can challenge the / POKéMON LEAGUE. / Go. Your path lies ahead.
527	898890	3,34	18,6	Birds ride the wind coming down / from the LEAGUE cliffs. / My team trains in that air!
528	902964	3,34	18,6	My wings dipped!
529	926358	28,0	7,2	Oh! That is the BOULDERBADGE! / Go right ahead.
530	965220	3,35	13,149	You can pass here only if you have / the CASCADEBADGE. / Oh! That is the CASCADEBADGE!áÎÀÀËタね / Okay, then. / Please, go right ahead.
531	965964	3,35	9,141	The LEAGUE is our goal. / Every battle brings us closer!
532	969324	3,35	9,141	A lesson worth learning!
533	969726	3,35	7,140	You can pass here only if you have / the THUNDERBADGE. / Oh! That is the THUNDERBADGE!áÎÀÀËタね / Okay, then. / Please, go right ahead.
534	970590	3,35	12,123	You can pass here only if you have / the RAINBOWBADGE. / Oh! That is the RAINBOWBADGE!áÎÀÀËタね / Okay, then. / Please, go right ahead.
535	1033416	3,35	12,113	INDIGO PLATEAU / The ultimate goal of TRAINERS! / POKéMON LEAGUE HQ
536	1033668	3,35	13,112	You can pass here only if you have / the SOULBADGE. / Oh! That is the SOULBADGE!áÎÀÀËタね / Okay, then. / Please, go right ahead.
537	1034388	3,35	9,94	You can pass here only if you have / the MARSHBADGE. / Oh! That is the MARSHBADGE!áÎÀÀËタね / Okay, then. / Please, go right ahead.
538	1038138	3,35	12,61	You can pass here only if you have / the VOLCANOBADGE. / Oh! That is the VOLCANOBADGE!áÎÀÀËタね / Okay, then. / Please, go right ahead.
539	1039218	3,35	7,36	INDIGO PLATEAU / The highest POKéMON authority! / POKéMON LEAGUE HQ
540	1039482	3,35	5,35	You can pass here only if you have / the EARTHBADGE. / Oh! That is the EARTHBADGE!áÎÀÀËタね / Okay, then. / Please, go right ahead.
541	1040112	1,40	11,20	VICTORY ROAD
542	1175088	1,40	11,18	The road ahead tests us all. / Show me what you have learned.
543	1179726	1,40	11,18	Even experience has its limits!
544	1241190	3,35	5,29	ÀÁÂÂ6
545	1241196	3,35	5,29	Would you like to save the game?
546	1241370	3,35	5,29	SAVING… / DON’T TURN OFF THE POWER.
547	1241724	3,35	5,29	AAAAAAA saved the game.
1	11382	1,40	11,20	VICTORY ROAD
2	28512	1,40	7,17	It’s a big boulder, but a POKéMON / may be able to push it aside. / Would you like to use STRENGTH?
3	28896	1,40	7,17	CHARIZARD used STRENGTH! / CHARIZARD’s STRENGTH made it / possible to move boulders around!
4	59982	1,40	15,17	Strength brought you this far. / Now show me your judgment.
5	63954	1,40	15,17	Even experience has its limits!
6	129960	1,40	14,10	I wonder if you are good enough / for me?
7	140874	1,40	14,10	I lost out… / VICTORY ROAD chose you this time.
8	168384	1,40	5,6	I can see you’re good. / Let me see exactly how good!
9	172554	1,40	5,6	I had a chance…
10	228222	1,41	6,16	It’s a big boulder, but a POKéMON / may be able to push it aside. / Would you like to use STRENGTH?
11	228612	1,41	6,16	CHARIZARD used STRENGTH! / CHARIZARD’s STRENGTH made it / possible to move boulders around!
12	264846	1,41	3,19	ÀÁÂÂAAAAAAA
13	264852	1,41	3,19	Would you like to save the game?
14	265026	1,41	3,19	SAVING… / DON’T TURN OFF THE POWER.
15	265392	1,41	3,19	AAAAAAA saved the game.
16	265536	1,41	3,19	STRENGTH made it possible to move / boulders around.
1	276	1,41	3,19	STRENGTH made it possible to move / boulders around.
2	13860	1,41	20,12	This here is VICTORY ROAD. / It’s the final test for TRAINERS!
3	17844	1,41	20,12	Atcho! / Even my focus cracked.
4	18510	1,41	30,16	Ah, so you wish to challenge the / ELITE FOUR?
5	24354	1,41	30,16	You got me! / That’s ELITE FOUR resolve.
6	84210	1,42	32,6	It’s a big boulder, but a POKéMON / may be able to push it aside. / Would you like to use STRENGTH?
7	84594	1,42	32,6	CHARIZARD used STRENGTH! / CHARIZARD’s STRENGTH made it / possible to move boulders around!
8	221046	1,41	34,19	It’s a big boulder, but a POKéMON / may be able to push it aside. / Would you like to use STRENGTH?
9	221436	1,41	34,19	CHARIZARD used STRENGTH! / CHARIZARD’s STRENGTH made it / possible to move boulders around!
10	262572	1,42	39,14	TYRA: We’re trying to become / champions together.
11	267426	1,42	39,14	Do what with this ウエ?
12	267456	1,42	39,14	CHARIZARD is already / in battle!Ì
13	267576	1,42	39,14	Do what with this ウエ?
14	267606	1,42	39,14	CHARIZARD is already / in battle!Ì
15	267726	1,42	39,14	Do what with this ウエ?
16	267756	1,42	39,14	CHARIZARD is already / in battle!Ì
17	267876	1,42	39,14	Do what with this ウエ?
18	267906	1,42	39,14	CHARIZARD is already / in battle!Ì
19	268026	1,42	39,14	Do what with this ウエ?
20	268056	1,42	39,14	CHARIZARD is already / in battle!Ì
21	268176	1,42	39,14	Do what with this ウエ?
22	268206	1,42	39,14	CHARIZARD is already / in battle!Ì
23	268326	1,42	39,14	Do what with this ウエ?
24	268356	1,42	39,14	CHARIZARD is already / in battle!Ì
25	268476	1,42	39,14	Do what with this ウエ?
26	268506	1,42	39,14	CHARIZARD is already / in battle!Ì
27	268626	1,42	39,14	Do what with this ウエ?
28	268656	1,42	39,14	CHARIZARD is already / in battle!Ì
29	268776	1,42	39,14	Do what with this ウエ?
30	268806	1,42	39,14	CHARIZARD is already / in battle!Ì
31	268926	1,42	39,14	Do what with this ウエ?
32	268956	1,42	39,14	CHARIZARD is already / in battle!Ì
33	269076	1,42	39,14	Do what with this ウエ?
34	269106	1,42	39,14	CHARIZARD is already / in battle!Ì
35	269226	1,42	39,14	Do what with this ウエ?
36	269256	1,42	39,14	CHARIZARD is already / in battle!Ì
37	269376	1,42	39,14	Do what with this ウエ?
38	269406	1,42	39,14	CHARIZARD is already / in battle!Ì
39	269526	1,42	39,14	Do what with this ウエ?
40	269556	1,42	39,14	CHARIZARD is already / in battle!Ì
41	269676	1,42	39,14	Do what with this ウエ?
42	269706	1,42	39,14	CHARIZARD is already / in battle!Ì
43	269826	1,42	39,14	Do what with this ウエ?
44	269856	1,42	39,14	CHARIZARD is already / in battle!Ì
45	269976	1,42	39,14	Do what with this ウエ?
46	270006	1,42	39,14	CHARIZARD is already / in battle!Ì
47	270126	1,42	39,14	Do what with this ウエ?
48	270156	1,42	39,14	CHARIZARD is already / in battle!Ì
49	270276	1,42	39,14	Do what with this ウエ?
50	270306	1,42	39,14	CHARIZARD is already / in battle!Ì
51	270426	1,42	39,14	Do what with this ウエ?
52	270456	1,42	39,14	CHARIZARD is already / in battle!Ì
53	270576	1,42	39,14	Do what with this ウエ?
54	270606	1,42	39,14	CHARIZARD is already / in battle!Ì
55	270726	1,42	39,14	Do what with this ウエ?
56	270756	1,42	39,14	CHARIZARD is already / in battle!Ì
57	270876	1,42	39,14	Do what with this ウエ?
58	270906	1,42	39,14	CHARIZARD is already / in battle!Ì
59	271026	1,42	39,14	Do what with this ウエ?
60	271056	1,42	39,14	CHARIZARD is already / in battle!Ì
61	271176	1,42	39,14	Do what with this ウエ?
62	271206	1,42	39,14	CHARIZARD is already / in battle!Ì
63	271326	1,42	39,14	Do what with this ウエ?
64	271356	1,42	39,14	CHARIZARD is already / in battle!Ì
65	271476	1,42	39,14	Do what with this ウエ?
66	271506	1,42	39,14	CHARIZARD is already / in battle!Ì
67	271626	1,42	39,14	Do what with this ウエ?
68	271656	1,42	39,14	CHARIZARD is already / in battle!Ì
69	271776	1,42	39,14	Do what with this ウエ?
70	271806	1,42	39,14	CHARIZARD is already / in battle!Ì
71	271926	1,42	39,14	Do what with this ウエ?
72	271956	1,42	39,14	CHARIZARD is already / in battle!Ì
73	272076	1,42	39,14	Do what with this ウエ?
74	272106	1,42	39,14	CHARIZARD is already / in battle!Ì
75	272226	1,42	39,14	Do what with this ウエ?
76	272256	1,42	39,14	CHARIZARD is already / in battle!Ì
77	272376	1,42	39,14	Do what with this ウエ?
78	272406	1,42	39,14	CHARIZARD is already / in battle!Ì
79	272526	1,42	39,14	Do what with this ウエ?
80	272556	1,42	39,14	CHARIZARD is already / in battle!Ì
81	272676	1,42	39,14	Do what with this ウエ?
82	272706	1,42	39,14	CHARIZARD is already / in battle!Ì
83	272826	1,42	39,14	Do what with this ウエ?
84	272856	1,42	39,14	CHARIZARD is already / in battle!Ì
85	272976	1,42	39,14	Do what with this ウエ?
86	273006	1,42	39,14	CHARIZARD is already / in battle!Ì
87	273126	1,42	39,14	Do what with this ウエ?
88	273156	1,42	39,14	CHARIZARD is already / in battle!Ì
89	273276	1,42	39,14	Do what with this ウエ?
90	273306	1,42	39,14	CHARIZARD is already / in battle!Ì
91	273426	1,42	39,14	Do what with this ウエ?
92	273456	1,42	39,14	CHARIZARD is already / in battle!Ì
93	273576	1,42	39,14	Do what with this ウエ?
94	273606	1,42	39,14	CHARIZARD is already / in battle!Ì
95	273726	1,42	39,14	Do what with this ウエ?
96	273756	1,42	39,14	CHARIZARD is already / in battle!Ì
97	273876	1,42	39,14	Do what with this ウエ?
98	273906	1,42	39,14	CHARIZARD is already / in battle!Ì
99	274026	1,42	39,14	Do what with this ウエ?
100	274056	1,42	39,14	CHARIZARD is already / in battle!Ì
101	274176	1,42	39,14	Do what with this ウエ?
102	274206	1,42	39,14	CHARIZARD is already / in battle!Ì
103	274326	1,42	39,14	Do what with this ウエ?
104	274356	1,42	39,14	CHARIZARD is already / in battle!Ì
105	274476	1,42	39,14	Do what with this ウエ?
106	274506	1,42	39,14	CHARIZARD is already / in battle!Ì
107	274626	1,42	39,14	Do what with this ウエ?
108	274656	1,42	39,14	CHARIZARD is already / in battle!Ì
109	274776	1,42	39,14	Do what with this ウエ?
110	274806	1,42	39,14	CHARIZARD is already / in battle!Ì
111	274926	1,42	39,14	Do what with this ウエ?
112	274956	1,42	39,14	CHARIZARD is already / in battle!Ì
113	275076	1,42	39,14	Do what with this ウエ?
114	275106	1,42	39,14	CHARIZARD is already / in battle!Ì
115	275226	1,42	39,14	Do what with this ウエ?
116	275256	1,42	39,14	CHARIZARD is already / in battle!Ì
117	275376	1,42	39,14	Do what with this ウエ?
118	275406	1,42	39,14	CHARIZARD is already / in battle!Ì
119	275526	1,42	39,14	Do what with this ウエ?
120	275556	1,42	39,14	CHARIZARD is already / in battle!Ì
121	275676	1,42	39,14	Do what with this ウエ?
122	275706	1,42	39,14	CHARIZARD is already / in battle!Ì
123	275826	1,42	39,14	Do what with this ウエ?
124	275856	1,42	39,14	CHARIZARD is already / in battle!Ì
125	275976	1,42	39,14	Do what with this ウエ?
126	276006	1,42	39,14	CHARIZARD is already / in battle!Ì
127	276126	1,42	39,14	Do what with this ウエ?
128	276156	1,42	39,14	CHARIZARD is already / in battle!Ì
129	276276	1,42	39,14	Do what with this ウエ?
130	276306	1,42	39,14	CHARIZARD is already / in battle!Ì
131	276426	1,42	39,14	Do what with this ウエ?
132	276456	1,42	39,14	CHARIZARD is already / in battle!Ì
133	276576	1,42	39,14	Do what with this ウエ?
134	276606	1,42	39,14	CHARIZARD is already / in battle!Ì
135	276726	1,42	39,14	Do what with this ウエ?
136	276756	1,42	39,14	CHARIZARD is already / in battle!Ì
137	276876	1,42	39,14	Do what with this ウエ?
138	276906	1,42	39,14	CHARIZARD is already / in battle!Ì
139	277026	1,42	39,14	Do what with this ウエ?
140	277056	1,42	39,14	CHARIZARD is already / in battle!Ì
141	277176	1,42	39,14	Do what with this ウエ?
142	277206	1,42	39,14	CHARIZARD is already / in battle!Ì
143	277326	1,42	39,14	Do what with this ウエ?
144	277356	1,42	39,14	CHARIZARD is already / in battle!Ì
145	277476	1,42	39,14	Do what with this ウエ?
146	277506	1,42	39,14	CHARIZARD is already / in battle!Ì
147	277626	1,42	39,14	Do what with this ウエ?
148	277656	1,42	39,14	CHARIZARD is already / in battle!Ì
149	277776	1,42	39,14	Do what with this ウエ?
150	277806	1,42	39,14	CHARIZARD is already / in battle!Ì
151	277926	1,42	39,14	Do what with this ウエ?
152	277956	1,42	39,14	CHARIZARD is already / in battle!Ì
153	278076	1,42	39,14	Do what with this ウエ?
154	278106	1,42	39,14	CHARIZARD is already / in battle!Ì
155	278226	1,42	39,14	Do what with this ウエ?
156	278256	1,42	39,14	CHARIZARD is already / in battle!Ì
157	278376	1,42	39,14	Do what with this ウエ?
158	278406	1,42	39,14	CHARIZARD is already / in battle!Ì
159	278526	1,42	39,14	Do what with this ウエ?
160	278556	1,42	39,14	CHARIZARD is already / in battle!Ì
161	278676	1,42	39,14	Do what with this ウエ?
162	278706	1,42	39,14	CHARIZARD is already / in battle!Ì
163	278826	1,42	39,14	Do what with this ウエ?
164	278856	1,42	39,14	CHARIZARD is already / in battle!Ì
165	278976	1,42	39,14	Do what with this ウエ?
166	279006	1,42	39,14	CHARIZARD is already / in battle!Ì
167	279126	1,42	39,14	Do what with this ウエ?
168	279156	1,42	39,14	CHARIZARD is already / in battle!Ì
169	279276	1,42	39,14	Do what with this ウエ?
170	279306	1,42	39,14	CHARIZARD is already / in battle!Ì
171	279426	1,42	39,14	Do what with this ウエ?
172	279456	1,42	39,14	CHARIZARD is already / in battle!Ì
173	279576	1,42	39,14	Do what with this ウエ?
174	279606	1,42	39,14	CHARIZARD is already / in battle!Ì
175	279726	1,42	39,14	Do what with this ウエ?
176	279756	1,42	39,14	CHARIZARD is already / in battle!Ì
177	279876	1,42	39,14	Do what with this ウエ?
178	279906	1,42	39,14	CHARIZARD is already / in battle!Ì
179	280026	1,42	39,14	Do what with this ウエ?
180	280056	1,42	39,14	CHARIZARD is already / in battle!Ì
181	280176	1,42	39,14	Do what with this ウエ?
182	280206	1,42	39,14	CHARIZARD is already / in battle!Ì
183	280326	1,42	39,14	Do what with this ウエ?
184	280356	1,42	39,14	CHARIZARD is already / in battle!Ì
185	280476	1,42	39,14	Do what with this ウエ?
186	280506	1,42	39,14	CHARIZARD is already / in battle!Ì
187	280626	1,42	39,14	Do what with this ウエ?
188	280656	1,42	39,14	CHARIZARD is already / in battle!Ì
189	280776	1,42	39,14	Do what with this ウエ?
190	280806	1,42	39,14	CHARIZARD is already / in battle!Ì
191	280926	1,42	39,14	Do what with this ウエ?
192	280956	1,42	39,14	CHARIZARD is already / in battle!Ì
193	281076	1,42	39,14	Do what with this ウエ?
194	281106	1,42	39,14	CHARIZARD is already / in battle!Ì
195	281226	1,42	39,14	Do what with this ウエ?
196	281256	1,42	39,14	CHARIZARD is already / in battle!Ì
197	281376	1,42	39,14	Do what with this ウエ?
198	281406	1,42	39,14	CHARIZARD is already / in battle!Ì
199	281526	1,42	39,14	Do what with this ウエ?
200	281556	1,42	39,14	CHARIZARD is already / in battle!Ì
201	281676	1,42	39,14	Do what with this ウエ?
202	281706	1,42	39,14	CHARIZARD is already / in battle!Ì
203	281826	1,42	39,14	Do what with this ウエ?
204	281856	1,42	39,14	CHARIZARD is already / in battle!Ì
205	281976	1,42	39,14	Do what with this ウエ?
206	282006	1,42	39,14	CHARIZARD is already / in battle!Ì
207	282126	1,42	39,14	Do what with this ウエ?
208	282156	1,42	39,14	CHARIZARD is already / in battle!Ì
209	282276	1,42	39,14	Do what with this ウエ?
210	282306	1,42	39,14	CHARIZARD is already / in battle!Ì
211	282426	1,42	39,14	Do what with this ウエ?
212	282456	1,42	39,14	CHARIZARD is already / in battle!Ì
213	282576	1,42	39,14	Do what with this ウエ?
214	282606	1,42	39,14	CHARIZARD is already / in battle!Ì
215	282726	1,42	39,14	Do what with this ウエ?
216	282756	1,42	39,14	CHARIZARD is already / in battle!Ì
217	282876	1,42	39,14	Do what with this ウエ?
218	282906	1,42	39,14	CHARIZARD is already / in battle!Ì
219	283026	1,42	39,14	Do what with this ウエ?
220	283056	1,42	39,14	CHARIZARD is already / in battle!Ì
221	283176	1,42	39,14	Do what with this ウエ?
222	283206	1,42	39,14	CHARIZARD is already / in battle!Ì
223	283326	1,42	39,14	Do what with this ウエ?
224	283356	1,42	39,14	CHARIZARD is already / in battle!Ì
225	283476	1,42	39,14	Do what with this ウエ?
226	283506	1,42	39,14	CHARIZARD is already / in battle!Ì
227	283626	1,42	39,14	Do what with this ウエ?
228	283656	1,42	39,14	CHARIZARD is already / in battle!Ì
229	283776	1,42	39,14	Do what with this ウエ?
230	283806	1,42	39,14	CHARIZARD is already / in battle!Ì
231	283926	1,42	39,14	Do what with this ウエ?
232	283956	1,42	39,14	CHARIZARD is already / in battle!Ì
233	284076	1,42	39,14	Do what with this ウエ?
234	284106	1,42	39,14	CHARIZARD is already / in battle!Ì
235	284226	1,42	39,14	Do what with this ウエ?
236	284256	1,42	39,14	CHARIZARD is already / in battle!Ì
237	284376	1,42	39,14	Do what with this ウエ?
238	284406	1,42	39,14	CHARIZARD is already / in battle!Ì
239	284526	1,42	39,14	Do what with this ウエ?
240	284556	1,42	39,14	CHARIZARD is already / in battle!Ì
241	284676	1,42	39,14	Do what with this ウエ?
242	284706	1,42	39,14	CHARIZARD is already / in battle!Ì
243	284826	1,42	39,14	Do what with this ウエ?
244	284856	1,42	39,14	CHARIZARD is already / in battle!Ì
245	284976	1,42	39,14	Do what with this ウエ?
246	285006	1,42	39,14	CHARIZARD is already / in battle!Ì
247	285126	1,42	39,14	Do what with this ウエ?
248	285156	1,42	39,14	CHARIZARD is already / in battle!Ì
249	285276	1,42	39,14	Do what with this ウエ?
250	285306	1,42	39,14	CHARIZARD is already / in battle!Ì
251	285426	1,42	39,14	Do what with this ウエ?
252	285456	1,42	39,14	CHARIZARD is already / in battle!Ì
253	285576	1,42	39,14	Do what with this ウエ?
254	285606	1,42	39,14	CHARIZARD is already / in battle!Ì
255	285726	1,42	39,14	Do what with this ウエ?
256	285756	1,42	39,14	CHARIZARD is already / in battle!Ì
257	285876	1,42	39,14	Do what with this ウエ?
258	285906	1,42	39,14	CHARIZARD is already / in battle!Ì
259	286026	1,42	39,14	Do what with this ウエ?
260	286056	1,42	39,14	CHARIZARD is already / in battle!Ì
261	286176	1,42	39,14	Do what with this ウエ?
262	286206	1,42	39,14	CHARIZARD is already / in battle!Ì
263	286326	1,42	39,14	Do what with this ウエ?
264	286356	1,42	39,14	CHARIZARD is already / in battle!Ì
265	286476	1,42	39,14	Do what with this ウエ?
266	286506	1,42	39,14	CHARIZARD is already / in battle!Ì
267	286626	1,42	39,14	Do what with this ウエ?
268	286656	1,42	39,14	CHARIZARD is already / in battle!Ì
269	286776	1,42	39,14	Do what with this ウエ?
270	286806	1,42	39,14	CHARIZARD is already / in battle!Ì
271	286926	1,42	39,14	Do what with this ウエ?
272	286956	1,42	39,14	CHARIZARD is already / in battle!Ì
273	287076	1,42	39,14	Do what with this ウエ?
274	287106	1,42	39,14	CHARIZARD is already / in battle!Ì
275	287226	1,42	39,14	Do what with this ウエ?
276	287256	1,42	39,14	CHARIZARD is already / in battle!Ì
277	287376	1,42	39,14	Do what with this ウエ?
278	287406	1,42	39,14	CHARIZARD is already / in battle!Ì
279	287526	1,42	39,14	Do what with this ウエ?
280	287556	1,42	39,14	CHARIZARD is already / in battle!Ì
281	287676	1,42	39,14	Do what with this ウエ?
282	287706	1,42	39,14	CHARIZARD is already / in battle!Ì
283	287826	1,42	39,14	Do what with this ウエ?
284	287856	1,42	39,14	CHARIZARD is already / in battle!Ì
285	287976	1,42	39,14	Do what with this ウエ?
286	288006	1,42	39,14	CHARIZARD is already / in battle!Ì
287	288126	1,42	39,14	Do what with this ウエ?
288	288156	1,42	39,14	CHARIZARD is already / in battle!Ì
289	288276	1,42	39,14	Do what with this ウエ?
290	288306	1,42	39,14	CHARIZARD is already / in battle!Ì
291	288426	1,42	39,14	Do what with this ウエ?
292	288456	1,42	39,14	CHARIZARD is already / in battle!Ì
293	288576	1,42	39,14	Do what with this ウエ?
294	288606	1,42	39,14	CHARIZARD is already / in battle!Ì
295	288726	1,42	39,14	Do what with this ウエ?
296	288756	1,42	39,14	CHARIZARD is already / in battle!Ì
297	288876	1,42	39,14	Do what with this ウエ?
298	288906	1,42	39,14	CHARIZARD is already / in battle!Ì
299	289026	1,42	39,14	Do what with this ウエ?
300	289056	1,42	39,14	CHARIZARD is already / in battle!Ì
301	289176	1,42	39,14	Do what with this ウエ?
302	289206	1,42	39,14	CHARIZARD is already / in battle!Ì
303	289326	1,42	39,14	Do what with this ウエ?
304	289356	1,42	39,14	CHARIZARD is already / in battle!Ì
305	289476	1,42	39,14	Do what with this ウエ?
306	289506	1,42	39,14	CHARIZARD is already / in battle!Ì
307	289626	1,42	39,14	Do what with this ウエ?
308	289656	1,42	39,14	CHARIZARD is already / in battle!Ì
309	289776	1,42	39,14	Do what with this ウエ?
310	289806	1,42	39,14	CHARIZARD is already / in battle!Ì
311	289926	1,42	39,14	Do what with this ウエ?
312	289956	1,42	39,14	CHARIZARD is already / in battle!Ì
313	290076	1,42	39,14	Do what with this ウエ?
314	290106	1,42	39,14	CHARIZARD is already / in battle!Ì
315	290226	1,42	39,14	Do what with this ウエ?
316	290256	1,42	39,14	CHARIZARD is already / in battle!Ì
317	290376	1,42	39,14	Do what with this ウエ?
318	290406	1,42	39,14	CHARIZARD is already / in battle!Ì
319	290526	1,42	39,14	Do what with this ウエ?
320	290556	1,42	39,14	CHARIZARD is already / in battle!Ì
321	290676	1,42	39,14	Do what with this ウエ?
322	290706	1,42	39,14	CHARIZARD is already / in battle!Ì
323	290826	1,42	39,14	Do what with this ウエ?
324	290856	1,42	39,14	CHARIZARD is already / in battle!Ì
325	290976	1,42	39,14	Do what with this ウエ?
326	291006	1,42	39,14	CHARIZARD is already / in battle!Ì
327	291126	1,42	39,14	Do what with this ウエ?
328	291156	1,42	39,14	CHARIZARD is already / in battle!Ì
329	291276	1,42	39,14	Do what with this ウエ?
330	291306	1,42	39,14	CHARIZARD is already / in battle!Ì
331	291426	1,42	39,14	Do what with this ウエ?
332	291456	1,42	39,14	CHARIZARD is already / in battle!Ì
333	291576	1,42	39,14	Do what with this ウエ?
334	291606	1,42	39,14	CHARIZARD is already / in battle!Ì
335	291726	1,42	39,14	Do what with this ウエ?
336	291756	1,42	39,14	CHARIZARD is already / in battle!Ì
337	291876	1,42	39,14	Do what with this ウエ?
338	291906	1,42	39,14	CHARIZARD is already / in battle!Ì
339	292026	1,42	39,14	Do what with this ウエ?
340	292056	1,42	39,14	CHARIZARD is already / in battle!Ì
341	292176	1,42	39,14	Do what with this ウエ?
342	292206	1,42	39,14	CHARIZARD is already / in battle!Ì
343	292326	1,42	39,14	Do what with this ウエ?
344	292356	1,42	39,14	CHARIZARD is already / in battle!Ì
345	292476	1,42	39,14	Do what with this ウエ?
346	292506	1,42	39,14	CHARIZARD is already / in battle!Ì
347	292626	1,42	39,14	Do what with this ウエ?
348	292656	1,42	39,14	CHARIZARD is already / in battle!Ì
349	292776	1,42	39,14	Do what with this ウエ?
350	292806	1,42	39,14	CHARIZARD is already / in battle!Ì
351	292926	1,42	39,14	Do what with this ウエ?
352	292956	1,42	39,14	CHARIZARD is already / in battle!Ì
353	293076	1,42	39,14	Do what with this ウエ?
354	293106	1,42	39,14	CHARIZARD is already / in battle!Ì
355	293226	1,42	39,14	Do what with this ウエ?
356	293256	1,42	39,14	CHARIZARD is already / in battle!Ì
357	293376	1,42	39,14	Do what with this ウエ?
358	293406	1,42	39,14	CHARIZARD is already / in battle!Ì
359	293526	1,42	39,14	Do what with this ウエ?
360	293556	1,42	39,14	CHARIZARD is already / in battle!Ì
361	293676	1,42	39,14	Do what with this ウエ?
362	293706	1,42	39,14	CHARIZARD is already / in battle!Ì
363	293826	1,42	39,14	Do what with this ウエ?
364	293856	1,42	39,14	CHARIZARD is already / in battle!Ì
365	293976	1,42	39,14	Do what with this ウエ?
366	294006	1,42	39,14	CHARIZARD is already / in battle!Ì
367	294126	1,42	39,14	Do what with this ウエ?
368	294156	1,42	39,14	CHARIZARD is already / in battle!Ì
369	294276	1,42	39,14	Do what with this ウエ?
370	294306	1,42	39,14	CHARIZARD is already / in battle!Ì
371	294426	1,42	39,14	Do what with this ウエ?
372	294456	1,42	39,14	CHARIZARD is already / in battle!Ì
373	294576	1,42	39,14	Do what with this ウエ?
374	294606	1,42	39,14	CHARIZARD is already / in battle!Ì
375	294726	1,42	39,14	Do what with this ウエ?
376	294756	1,42	39,14	CHARIZARD is already / in battle!Ì
377	294876	1,42	39,14	Do what with this ウエ?
378	294906	1,42	39,14	CHARIZARD is already / in battle!Ì
379	295026	1,42	39,14	Do what with this ウエ?
380	295056	1,42	39,14	CHARIZARD is already / in battle!Ì
381	295176	1,42	39,14	Do what with this ウエ?
382	295206	1,42	39,14	CHARIZARD is already / in battle!Ì
383	295326	1,42	39,14	Do what with this ウエ?
384	295356	1,42	39,14	CHARIZARD is already / in battle!Ì
385	295476	1,42	39,14	Do what with this ウエ?
386	295506	1,42	39,14	CHARIZARD is already / in battle!Ì
387	295626	1,42	39,14	Do what with this ウエ?
388	295656	1,42	39,14	CHARIZARD is already / in battle!Ì
389	295776	1,42	39,14	Do what with this ウエ?
390	295806	1,42	39,14	CHARIZARD is already / in battle!Ì
391	295926	1,42	39,14	Do what with this ウエ?
392	295956	1,42	39,14	CHARIZARD is already / in battle!Ì
393	296076	1,42	39,14	Do what with this ウエ?
394	296106	1,42	39,14	CHARIZARD is already / in battle!Ì
395	296226	1,42	39,14	Do what with this ウエ?
396	296256	1,42	39,14	CHARIZARD is already / in battle!Ì
397	296376	1,42	39,14	Do what with this ウエ?
398	296406	1,42	39,14	CHARIZARD is already / in battle!Ì
399	296526	1,42	39,14	Do what with this ウエ?
400	296556	1,42	39,14	CHARIZARD is already / in battle!Ì
401	296676	1,42	39,14	Do what with this ウエ?
402	296706	1,42	39,14	CHARIZARD is already / in battle!Ì
403	296826	1,42	39,14	Do what with this ウエ?
404	296856	1,42	39,14	CHARIZARD is already / in battle!Ì
405	296976	1,42	39,14	Do what with this ウエ?
406	297006	1,42	39,14	CHARIZARD is already / in battle!Ì
407	297126	1,42	39,14	Do what with this ウエ?
408	297156	1,42	39,14	CHARIZARD is already / in battle!Ì
409	297276	1,42	39,14	Do what with this ウエ?
410	297306	1,42	39,14	CHARIZARD is already / in battle!Ì
411	297426	1,42	39,14	Do what with this ウエ?
412	297456	1,42	39,14	CHARIZARD is already / in battle!Ì
413	297576	1,42	39,14	Do what with this ウエ?
414	297606	1,42	39,14	CHARIZARD is already / in battle!Ì
415	297726	1,42	39,14	Do what with this ウエ?
416	297756	1,42	39,14	CHARIZARD is already / in battle!Ì
417	297876	1,42	39,14	Do what with this ウエ?
418	297906	1,42	39,14	CHARIZARD is already / in battle!Ì
419	298026	1,42	39,14	Do what with this ウエ?
420	298056	1,42	39,14	CHARIZARD is already / in battle!Ì
421	298176	1,42	39,14	Do what with this ウエ?
422	298206	1,42	39,14	CHARIZARD is already / in battle!Ì
423	298326	1,42	39,14	Do what with this ウエ?
424	298356	1,42	39,14	CHARIZARD is already / in battle!Ì
425	298476	1,42	39,14	Do what with this ウエ?
426	298506	1,42	39,14	CHARIZARD is already / in battle!Ì
427	298626	1,42	39,14	Do what with this ウエ?
428	298656	1,42	39,14	CHARIZARD is already / in battle!Ì
429	298776	1,42	39,14	Do what with this ウエ?
430	298806	1,42	39,14	CHARIZARD is already / in battle!Ì
431	298926	1,42	39,14	Do what with this ウエ?
432	298956	1,42	39,14	CHARIZARD is already / in battle!Ì
433	299076	1,42	39,14	Do what with this ウエ?
434	299106	1,42	39,14	CHARIZARD is already / in battle!Ì
435	299226	1,42	39,14	Do what with this ウエ?
436	299256	1,42	39,14	CHARIZARD is already / in battle!Ì
437	299376	1,42	39,14	Do what with this ウエ?
438	299406	1,42	39,14	CHARIZARD is already / in battle!Ì
439	299526	1,42	39,14	Do what with this ウエ?
440	299556	1,42	39,14	CHARIZARD is already / in battle!Ì
441	299676	1,42	39,14	Do what with this ウエ?
442	299706	1,42	39,14	CHARIZARD is already / in battle!Ì
443	299826	1,42	39,14	Do what with this ウエ?
444	299856	1,42	39,14	CHARIZARD is already / in battle!Ì
445	299976	1,42	39,14	Do what with this ウエ?
446	300006	1,42	39,14	CHARIZARD is already / in battle!Ì
447	300126	1,42	39,14	Do what with this ウエ?
448	300156	1,42	39,14	CHARIZARD is already / in battle!Ì
449	300276	1,42	39,14	Do what with this ウエ?
450	300306	1,42	39,14	CHARIZARD is already / in battle!Ì
451	300426	1,42	39,14	Do what with this ウエ?
452	300456	1,42	39,14	CHARIZARD is already / in battle!Ì
453	300576	1,42	39,14	Do what with this ウエ?
454	300606	1,42	39,14	CHARIZARD is already / in battle!Ì
455	300726	1,42	39,14	Do what with this ウエ?
456	300756	1,42	39,14	CHARIZARD is already / in battle!Ì
457	300876	1,42	39,14	Do what with this ウエ?
458	300906	1,42	39,14	CHARIZARD is already / in battle!Ì
459	301026	1,42	39,14	Do what with this ウエ?
460	301056	1,42	39,14	CHARIZARD is already / in battle!Ì
461	301176	1,42	39,14	Do what with this ウエ?
462	301206	1,42	39,14	CHARIZARD is already / in battle!Ì
463	301326	1,42	39,14	Do what with this ウエ?
464	301356	1,42	39,14	CHARIZARD is already / in battle!Ì
465	301476	1,42	39,14	Do what with this ウエ?
466	301506	1,42	39,14	CHARIZARD is already / in battle!Ì
467	301626	1,42	39,14	Do what with this ウエ?
468	301656	1,42	39,14	CHARIZARD is already / in battle!Ì
469	301776	1,42	39,14	Do what with this ウエ?
470	301806	1,42	39,14	CHARIZARD is already / in battle!Ì
471	301926	1,42	39,14	Do what with this ウエ?
472	301956	1,42	39,14	CHARIZARD is already / in battle!Ì
473	302076	1,42	39,14	Do what with this ウエ?
474	302106	1,42	39,14	CHARIZARD is already / in battle!Ì
475	302226	1,42	39,14	Do what with this ウエ?
476	302256	1,42	39,14	CHARIZARD is already / in battle!Ì
477	302376	1,42	39,14	Do what with this ウエ?
478	302406	1,42	39,14	CHARIZARD is already / in battle!Ì
479	302526	1,42	39,14	Do what with this ウエ?
480	302556	1,42	39,14	CHARIZARD is already / in battle!Ì
481	302676	1,42	39,14	Do what with this ウエ?
482	302706	1,42	39,14	CHARIZARD is already / in battle!Ì
483	302826	1,42	39,14	Do what with this ウエ?
484	302856	1,42	39,14	CHARIZARD is already / in battle!Ì
485	302976	1,42	39,14	Do what with this ウエ?
486	303006	1,42	39,14	CHARIZARD is already / in battle!Ì
487	303126	1,42	39,14	Do what with this ウエ?
488	303156	1,42	39,14	CHARIZARD is already / in battle!Ì
489	303276	1,42	39,14	Do what with this ウエ?
490	303306	1,42	39,14	CHARIZARD is already / in battle!Ì
491	303426	1,42	39,14	Do what with this ウエ?
492	303456	1,42	39,14	CHARIZARD is already / in battle!Ì
493	303576	1,42	39,14	Do what with this ウエ?
494	303606	1,42	39,14	CHARIZARD is already / in battle!Ì
495	303726	1,42	39,14	Do what with this ウエ?
496	303756	1,42	39,14	CHARIZARD is already / in battle!Ì
497	303876	1,42	39,14	Do what with this ウエ?
498	303906	1,42	39,14	CHARIZARD is already / in battle!Ì
499	304026	1,42	39,14	Do what with this ウエ?
500	304056	1,42	39,14	CHARIZARD is already / in battle!Ì
501	376206	1,42	39,14	Do what with this ウエ?
502	376236	1,42	39,14	CHARIZARD is already / in battle!Ì
503	376356	1,42	39,14	Do what with this ウエ?
504	376386	1,42	39,14	CHARIZARD is already / in battle!Ì
505	376506	1,42	39,14	Do what with this ウエ?
506	376536	1,42	39,14	CHARIZARD is already / in battle!Ì
507	376656	1,42	39,14	Do what with this ウエ?
508	376686	1,42	39,14	CHARIZARD is already / in battle!Ì
509	376806	1,42	39,14	Do what with this ウエ?
510	376836	1,42	39,14	CHARIZARD is already / in battle!Ì
511	376956	1,42	39,14	Do what with this ウエ?
512	376986	1,42	39,14	CHARIZARD is already / in battle!Ì
513	377106	1,42	39,14	Do what with this ウエ?
514	377136	1,42	39,14	CHARIZARD is already / in battle!Ì
515	377256	1,42	39,14	Do what with this ウエ?
516	377286	1,42	39,14	CHARIZARD is already / in battle!Ì
517	377406	1,42	39,14	Do what with this ウエ?
518	377436	1,42	39,14	CHARIZARD is already / in battle!Ì
519	377556	1,42	39,14	Do what with this ウエ?
520	377586	1,42	39,14	CHARIZARD is already / in battle!Ì
521	377706	1,42	39,14	Do what with this ウエ?
522	377736	1,42	39,14	CHARIZARD is already / in battle!Ì
523	377856	1,42	39,14	Do what with this ウエ?
524	377886	1,42	39,14	CHARIZARD is already / in battle!Ì
525	378006	1,42	39,14	Do what with this ウエ?
526	378036	1,42	39,14	CHARIZARD is already / in battle!Ì
527	378156	1,42	39,14	Do what with this ウエ?
528	378186	1,42	39,14	CHARIZARD is already / in battle!Ì
529	378306	1,42	39,14	Do what with this ウエ?
530	378336	1,42	39,14	CHARIZARD is already / in battle!Ì
531	378456	1,42	39,14	Do what with this ウエ?
532	378486	1,42	39,14	CHARIZARD is already / in battle!Ì
533	378606	1,42	39,14	Do what with this ウエ?
534	378636	1,42	39,14	CHARIZARD is already / in battle!Ì
535	378756	1,42	39,14	Do what with this ウエ?
536	378786	1,42	39,14	CHARIZARD is already / in battle!Ì
537	378906	1,42	39,14	Do what with this ウエ?
538	378936	1,42	39,14	CHARIZARD is already / in battle!Ì
539	379056	1,42	39,14	Do what with this ウエ?
540	379086	1,42	39,14	CHARIZARD is already / in battle!Ì
541	379206	1,42	39,14	Do what with this ウエ?
542	379236	1,42	39,14	CHARIZARD is already / in battle!Ì
543	379356	1,42	39,14	Do what with this ウエ?
544	379386	1,42	39,14	CHARIZARD is already / in battle!Ì
545	379506	1,42	39,14	Do what with this ウエ?
546	379536	1,42	39,14	CHARIZARD is already / in battle!Ì
547	379656	1,42	39,14	Do what with this ウエ?
548	379686	1,42	39,14	CHARIZARD is already / in battle!Ì
549	379806	1,42	39,14	Do what with this ウエ?
550	379836	1,42	39,14	CHARIZARD is already / in battle!Ì
551	379956	1,42	39,14	Do what with this ウエ?
552	379986	1,42	39,14	CHARIZARD is already / in battle!Ì
553	380106	1,42	39,14	Do what with this ウエ?
554	380136	1,42	39,14	CHARIZARD is already / in battle!Ì
555	380256	1,42	39,14	Do what with this ウエ?
556	380286	1,42	39,14	CHARIZARD is already / in battle!Ì
557	380406	1,42	39,14	Do what with this ウエ?
558	380436	1,42	39,14	CHARIZARD is already / in battle!Ì
559	380556	1,42	39,14	Do what with this ウエ?
560	380586	1,42	39,14	CHARIZARD is already / in battle!Ì
561	380706	1,42	39,14	Do what with this ウエ?
562	380736	1,42	39,14	CHARIZARD is already / in battle!Ì
563	380856	1,42	39,14	Do what with this ウエ?
564	380886	1,42	39,14	CHARIZARD is already / in battle!Ì
565	381006	1,42	39,14	Do what with this ウエ?
566	381036	1,42	39,14	CHARIZARD is already / in battle!Ì
567	381156	1,42	39,14	Do what with this ウエ?
568	381186	1,42	39,14	CHARIZARD is already / in battle!Ì
569	381306	1,42	39,14	Do what with this ウエ?
570	381336	1,42	39,14	CHARIZARD is already / in battle!Ì
571	381456	1,42	39,14	Do what with this ウエ?
572	381486	1,42	39,14	CHARIZARD is already / in battle!Ì
573	381606	1,42	39,14	Do what with this ウエ?
574	381636	1,42	39,14	CHARIZARD is already / in battle!Ì
575	381756	1,42	39,14	Do what with this ウエ?
576	381786	1,42	39,14	CHARIZARD is already / in battle!Ì
577	381906	1,42	39,14	Do what with this ウエ?
578	381936	1,42	39,14	CHARIZARD is already / in battle!Ì
579	382056	1,42	39,14	Do what with this ウエ?
580	382086	1,42	39,14	CHARIZARD is already / in battle!Ì
581	382206	1,42	39,14	Do what with this ウエ?
582	382236	1,42	39,14	CHARIZARD is already / in battle!Ì
583	382356	1,42	39,14	Do what with this ウエ?
584	382386	1,42	39,14	CHARIZARD is already / in battle!Ì
585	382506	1,42	39,14	Do what with this ウエ?
586	382536	1,42	39,14	CHARIZARD is already / in battle!Ì
587	382656	1,42	39,14	Do what with this ウエ?
588	382686	1,42	39,14	CHARIZARD is already / in battle!Ì
589	382806	1,42	39,14	Do what with this ウエ?
590	382836	1,42	39,14	CHARIZARD is already / in battle!Ì
591	382956	1,42	39,14	Do what with this ウエ?
592	382986	1,42	39,14	CHARIZARD is already / in battle!Ì
593	383106	1,42	39,14	Do what with this ウエ?
594	383136	1,42	39,14	CHARIZARD is already / in battle!Ì
595	383256	1,42	39,14	Do what with this ウエ?
596	383286	1,42	39,14	CHARIZARD is already / in battle!Ì
597	383406	1,42	39,14	Do what with this ウエ?
598	383436	1,42	39,14	CHARIZARD is already / in battle!Ì
599	383556	1,42	39,14	Do what with this ウエ?
600	383586	1,42	39,14	CHARIZARD is already / in battle!Ì
601	383706	1,42	39,14	Do what with this ウエ?
602	383736	1,42	39,14	CHARIZARD is already / in battle!Ì
603	383856	1,42	39,14	Do what with this ウエ?
604	383886	1,42	39,14	CHARIZARD is already / in battle!Ì
605	384006	1,42	39,14	Do what with this ウエ?
606	384036	1,42	39,14	CHARIZARD is already / in battle!Ì
607	384156	1,42	39,14	Do what with this ウエ?
608	384186	1,42	39,14	CHARIZARD is already / in battle!Ì
609	384306	1,42	39,14	Do what with this ウエ?
610	384336	1,42	39,14	CHARIZARD is already / in battle!Ì
611	384456	1,42	39,14	Do what with this ウエ?
612	384486	1,42	39,14	CHARIZARD is already / in battle!Ì
613	384606	1,42	39,14	Do what with this ウエ?
614	384636	1,42	39,14	CHARIZARD is already / in battle!Ì
615	384756	1,42	39,14	Do what with this ウエ?
616	384786	1,42	39,14	CHARIZARD is already / in battle!Ì
617	384906	1,42	39,14	Do what with this ウエ?
618	384936	1,42	39,14	CHARIZARD is already / in battle!Ì
619	385056	1,42	39,14	Do what with this ウエ?
620	385086	1,42	39,14	CHARIZARD is already / in battle!Ì
621	385206	1,42	39,14	Do what with this ウエ?
622	385236	1,42	39,14	CHARIZARD is already / in battle!Ì
623	385356	1,42	39,14	Do what with this ウエ?
624	385386	1,42	39,14	CHARIZARD is already / in battle!Ì
625	385506	1,42	39,14	Do what with this ウエ?
626	385536	1,42	39,14	CHARIZARD is already / in battle!Ì
627	385656	1,42	39,14	Do what with this ウエ?
628	385686	1,42	39,14	CHARIZARD is already / in battle!Ì
629	385806	1,42	39,14	Do what with this ウエ?
630	385836	1,42	39,14	CHARIZARD is already / in battle!Ì
631	385956	1,42	39,14	Do what with this ウエ?
632	385986	1,42	39,14	CHARIZARD is already / in battle!Ì
633	386106	1,42	39,14	Do what with this ウエ?
634	386136	1,42	39,14	CHARIZARD is already / in battle!Ì
635	403332	1,42	39,14	Do what with this ウエ?
636	407034	1,42	39,14	TYRA: Oh, but…
637	432834	3,35	21,17	INDIGO PLATEAU / The highest POKéMON authority! / POKéMON LEAGUE HQ
638	505032	13,0	7,15	Yo! Champ in the making! / The League pool includes the / ELITE FOUR and GYM LEADERS. / Four opponents, one battle room! / Bring a team for DOUBLE BATTLES. / Both teams battle at Level 50. / Your original levels return / after each match. / Your whole team recovers fully / between battles. / Held items are allowed, but / neither side may use Bag items. / Losing or returning here resets / your run. Prepare before you go!
639	506946	13,0	6,3	INDIGO PLATEAU / The highest POKéMON authority! / POKéMON LEAGUE HQ
640	506982	13,0	6,3	The north door leads to the / INDIGO LEAGUE battle room. / Face four different trainers / chosen from the League pool. / Win all four, and the north door / opens to the CHAMPION!
641	702510	1,72	6,3	Win four battles in this room / to open the CHAMPION’s door.
642	740022	1,72	6,8	Step into the battle area to face / your next League opponent. / Ready for a DOUBLE BATTLE?
643	740328	1,72	6,8	Your next INDIGO LEAGUE / opponent is ready. / Show what you and your POKéMON / have learned.
644	755136	1,72	6,8	Do what with this ウエ?
645	771204	1,72	6,8	That was a worthy battle.
646	771612	1,72	6,8	Victory 1 of 4 recorded. / Return to the battle area when / you are ready for the next match.
647	841170	1,72	6,8	Step into the battle area to face / your next League opponent. / Ready for a DOUBLE BATTLE?
648	841476	1,72	6,8	Your next INDIGO LEAGUE / opponent is ready. / Show what you and your POKéMON / have learned.
649	869766	1,72	6,8	Do what with this ウエ?
650	871134	1,72	6,8	That was a worthy battle.
651	871542	1,72	6,8	Victory 2 of 4 recorded. / Return to the battle area when / you are ready for the next match.
652	891822	1,72	6,8	Step into the battle area to face / your next League opponent. / Ready for a DOUBLE BATTLE?
653	892128	1,72	6,8	Your next INDIGO LEAGUE / opponent is ready. / Show what you and your POKéMON / have learned.
654	992994	1,72	6,8	That was a worthy battle.
655	993408	1,72	6,8	Victory 3 of 4 recorded. / Return to the battle area when / you are ready for the next match.
656	1012080	1,72	6,8	Step into the battle area to face / your next League opponent. / Ready for a DOUBLE BATTLE?
657	1012386	1,72	6,8	Your next INDIGO LEAGUE / opponent is ready. / Show what you and your POKéMON / have learned.
658	1028754	1,72	6,8	That was a worthy battle.
659	1029198	1,72	6,8	All four victories are recorded! / The north door is now open. / The CHAMPION awaits you.
660	1093014	1,74	6,9	AAAAAAA: Hey, AAAAAAA! / I was looking forward to seeing / you, AAAAAAA. / My rival should be strong to keep / me sharp. / While working on my POKéDEX, I / looked all over for POKéMON. / Not only that, I assembled teams / that would beat any POKéMON type. / And now… / I’m the POKéMON LEAGUE CHAMPION! / AAAAAAA! / Do you know what that means? / I’ll tell you. / I am the most powerful TRAINER in / the world!
661	1103916	1,74	6,9	Do what with this ウエ?
662	1132344	1,74	6,9	NO! / That can’t be! / You beat me at my best! / After all that work to become / the LEAGUE CHAMP? / My reign is over already? / It’s not fair!
663	1133040	1,74	6,9	Why? / Why did I lose? / I never made any mistakes raising / my POKéMON… / Darn it! You’re the new POKéMON / LEAGUE CHAMPION! / Although I don’t like to admit it…
664	1133526	1,74	6,9	OAK: AAAAAAA!
665	1133790	1,74	6,9	OAK: So, you’ve won! / Sincerely, congratulations! / You’re the new POKéMON LEAGUE / CHAMPION! / You’ve grown up so much since you / first left with BULBASAUR to work / on the POKéDEX. / AAAAAAA, you have come of age!
666	1134402	1,74	6,9	OAK: AAAAAAA… / I’m disappointed in you. / I came when I heard you’d beaten / the ELITE FOUR. / But, when I got here, you had / already lost! / AAAAAAA, do you understand why / you lost? / You have forgotten to treat your / POKéMON with love and trust. / Without them, you will never / become a CHAMP again!
667	1135260	1,74	6,9	OAK: AAAAAAA. / You understand that your victory / was not just your own doing. / The bond you share with your / POKéMON is marvelous. / AAAAAAA! / Come with me!
668	1136148	1,75	5,4	OAK: Er-hem! / Congratulations, AAAAAAA! / This floor is the POKéMON HALL OF / FAME. / POKéMON LEAGUE CHAMPIONS are / honored for their exploits here. / Their POKéMON are also recorded in / the HALL OF FAME. / AAAAAAA! / You have worked hard to become / the new LEAGUE CHAMPION. / Congratulations, AAAAAAA, you and / your POKéMON are HALL OF FAMERS!
1	277248	3,11	12,26	I camp near PALLET because the / outpost makes this road lively. / Care for a field test?
2	280134	3,11	12,26	You found the path through me!
3	283326	3,12	27,55	POKéMON behave differently where / woods meet open road. / I’m studying that boundary.
4	286344	3,12	27,55	That’s worth recording!
5	402840	3,26	28,11	LEA: The city noise fades right / here. / Let’s make some battle noise / instead!
6	405954	3,26	28,11	LEA: That echoed down the road!
7	468174	2,1	10,8	ROCKET LEAGUE uses a single / battle format. / You will face TEAM ROCKET / members and win COINS. / Win four consecutive matches, / and you’ll face the champion / of the league. / The CHAMPION only accepts those / who have beaten VIRIDIAN GYM. / Would you like to enter?
8	559074	2,0	6,8	Are you ready?
9	559206	2,0	6,8	ROCKET ACE: You made it under / the lights. / Now prove you can survive them.
10	564138	2,0	6,8	So that’s your answer. / Not bad.
11	564474	2,0	6,8	SABLE: Shadows favor the / patient. / Maybe they favor you too.
12	564726	2,0	6,8	AAAAAAA received 1,000 COINS / as a ROCKET LEAGUE prize.
13	1058640	2,0	6,8	Are you ready?
14	1058772	2,0	6,8	ARIANA: Careful now. / TEAM ROCKET does not reward weak / challengers.
15	1071474	2,0	6,8	Hmph. / You are more polished than you look.
16	1071840	2,0	6,8	ARIANA: Hmph. / Keep that edge sharp. / You’ll need it.
17	1072092	2,0	6,8	AAAAAAA received 1,000 COINS / as a ROCKET LEAGUE prize.
18	1099560	2,0	6,8	Are you ready?
19	1099692	2,0	6,8	ROCKET ACE: You made it under / the lights. / Now prove you can survive them.
20	1119204	2,0	6,8	So that’s your answer. / Not bad.
21	1119540	2,0	6,8	SHION: Data point recorded. / Your odds just became more / interesting.
22	1119822	2,0	6,8	AAAAAAA received 1,000 COINS / as a ROCKET LEAGUE prize.
23	1131660	2,0	6,8	Are you ready?
24	1131792	2,0	6,8	ROCKET ACE: You made it under / the lights. / Now prove you can survive them.
25	1140264	2,0	6,8	So that’s your answer. / Not bad.
26	1140600	2,0	6,8	VIPER: You avoided the bite. / Next time, the venom goes / deeper.
27	1140852	2,0	6,8	AAAAAAA received 1,000 COINS / as a ROCKET LEAGUE prize.
28	1161882	2,10	6,9	GIOVANNI: Four victories in / succession. / You have earned the right to face / the ROCKET LEAGUE CHAMPION.
29	1185690	2,10	6,9	Excellent. / Your ambition has weight.
30	1186056	2,10	6,9	GIOVANNI: A title means little / without your POKéMON’s trust. / Keep earning that trust.
31	1186332	2,10	6,9	AAAAAAA received 1,000 COINS / as a ROCKET LEAGUE prize.
32	1220970	2,1	9,7	ROCKET LEAGUE uses a single / battle format. / You will face TEAM ROCKET / members and win COINS. / Win four consecutive matches, / and you’ll face the champion / of the league. / The CHAMPION only accepts those / who have beaten VIRIDIAN GYM. / Would you like to enter?
33	1222014	2,0	8,8	Are you ready?
34	1281930	2,1	9,2	AAAAAAA received 1,000 COINS / as a ROCKET LEAGUE prize.
35	1301256	2,1	9,7	ROCKET LEAGUE uses a single / battle format. / You will face TEAM ROCKET / members and win COINS. / Win four consecutive matches, / and you’ll face the champion / of the league. / The CHAMPION only accepts those / who have beaten VIRIDIAN GYM. / Would you like to enter?
36	1302330	2,0	8,8	Are you ready?
37	1336410	2,1	9,2	AAAAAAA received 1,000 COINS / as a ROCKET LEAGUE prize.
38	1336500	2,1	9,7	ROCKET LEAGUE uses a single / battle format. / You will face TEAM ROCKET / members and win COINS. / Win four consecutive matches, / and you’ll face the champion / of the league. / The CHAMPION only accepts those / who have beaten VIRIDIAN GYM. / Would you like to enter?
39	1337646	2,1	8,8	ROCKET LEAGUE TERMINAL / Select a service.
40	1390566	2,1	8,8	Pool wins pay 1,000 COINS. / The prize board can raise this / to 1,500, 2,000 or 3,000. / The CHAMPION pays 1,000 COINS. / Prizes need room in your pouch. / Each multiplier increase costs / 250 COINS and lasts for the run. / Records count COINS received, / before subtracting your bets.
41	1416786	2,1	8,8	Open the prize multiplier board?
42	1416942	2,1	8,8	ROCKET LEAGUE PRIZE BOARD / Base prize multiplier: / x1
43	1434066	2,1	8,8	Bet 250 COINS to raise your / arena prizes for this run to x1.5?
44	1447746	2,1	8,8	ÀÁÂÂAAAAAAA
45	1447752	2,1	8,8	Would you like to save the game?
46	1447956	2,1	8,8	SAVING… / DON’T TURN OFF THE POWER.
47	1448310	2,1	8,8	AAAAAAA saved the game.
48	1448466	2,1	8,8	ROCKET LEAGUE TERMINAL / Select a service.
49	1448586	2,1	8,8	Four different pool opponents, / then the ROCKET CHAMPION. / Beat VIRIDIAN GYM before you / can face the ROCKET CHAMPION. / SINGLE BATTLES. Your POKéMON / keep their actual levels. / Bag items and held items are / allowed. Damage carries forward. / Returning to the lobby ends an / unfinished run. / Losing or abandoning a run / breaks your title streak.
50	1449516	2,1	8,8	ROCKET LEAGUE TERMINAL / Select a service.
51	1449636	2,1	8,8	Four different pool opponents, / then the ROCKET CHAMPION. / Beat VIRIDIAN GYM before you / can face the ROCKET CHAMPION. / SINGLE BATTLES. Your POKéMON / keep their actual levels. / Bag items and held items are / allowed. Damage carries forward. / Returning to the lobby ends an / unfinished run. / Losing or abandoning a run / breaks your title streak.
52	1466616	13,0	2,3	INDIGO LEAGUE TERMINAL / Select a service.
1	276	2,1	8,8	ROCKET LEAGUE TERMINAL / Select a service.
2	396	2,1	8,8	Four different pool opponents, / then the ROCKET CHAMPION. / Beat VIRIDIAN GYM before you / can face the ROCKET CHAMPION. / SINGLE BATTLES. Your POKéMON / keep their actual levels. / Bag items and held items are / allowed. Damage carries forward. / Returning to the lobby ends an / unfinished run. / Losing or abandoning a run / breaks your title streak.
3	1326	2,1	8,8	ROCKET LEAGUE TERMINAL / Select a service.
4	1446	2,1	8,8	Four different pool opponents, / then the ROCKET CHAMPION. / Beat VIRIDIAN GYM before you / can face the ROCKET CHAMPION. / SINGLE BATTLES. Your POKéMON / keep their actual levels. / Bag items and held items are / allowed. Damage carries forward. / Returning to the lobby ends an / unfinished run. / Losing or abandoning a run / breaks your title streak.
5	19212	1,78	6,20	SEAFOAM ISLANDS
1	276	2,1	8,8	ROCKET LEAGUE TERMINAL / Select a service.
2	396	2,1	8,8	Four different pool opponents, / then the ROCKET CHAMPION. / Beat VIRIDIAN GYM before you / can face the ROCKET CHAMPION. / SINGLE BATTLES. Your POKéMON / keep their actual levels. / Bag items and held items are / allowed. Damage carries forward. / Returning to the lobby ends an / unfinished run. / Losing or abandoning a run / breaks your title streak.
3	1326	2,1	8,8	ROCKET LEAGUE TERMINAL / Select a service.
4	1446	2,1	8,8	Four different pool opponents, / then the ROCKET CHAMPION. / Beat VIRIDIAN GYM before you / can face the ROCKET CHAMPION. / SINGLE BATTLES. Your POKéMON / keep their actual levels. / Bag items and held items are / allowed. Damage carries forward. / Returning to the lobby ends an / unfinished run. / Losing or abandoning a run / breaks your title streak.
5	13212	1,79	19,18	SEAFOAM ISLANDS
1	276	2,1	8,8	ROCKET LEAGUE TERMINAL / Select a service.
2	396	2,1	8,8	Four different pool opponents, / then the ROCKET CHAMPION. / Beat VIRIDIAN GYM before you / can face the ROCKET CHAMPION. / SINGLE BATTLES. Your POKéMON / keep their actual levels. / Bag items and held items are / allowed. Damage carries forward. / Returning to the lobby ends an / unfinished run. / Losing or abandoning a run / breaks your title streak.
3	1326	2,1	8,8	ROCKET LEAGUE TERMINAL / Select a service.
4	1446	2,1	8,8	Four different pool opponents, / then the ROCKET CHAMPION. / Beat VIRIDIAN GYM before you / can face the ROCKET CHAMPION. / SINGLE BATTLES. Your POKéMON / keep their actual levels. / Bag items and held items are / allowed. Damage carries forward. / Returning to the lobby ends an / unfinished run. / Losing or abandoning a run / breaks your title streak.
5	19452	1,82	15,9	SEAFOAM ISLANDS
6	194016	1,82	12,12	CASCADE BOARD is / selected.
7	233886	1,82	12,13	ÀÁÂÂAAAAAAA
8	233892	1,82	12,13	Would you like to save the game?
9	234096	1,82	12,13	SAVING… / DON’T TURN OFF THE POWER.
10	234462	1,82	12,13	AAAAAAA saved the game.
11	412680	1,82	9,3	KREEEAAH!
12	415926	1,82	9,3	OAK: Your readings show a sudden / collapse in temperature. / ARTICUNO changes an environment / all at once. / Adaptation under pressure... / remarkable.
13	589626	1,82	10,4	CASCADE BOARD is / selected.
1	145206	1,80	21,13	AAAAAAA found one WATER STONE!
2	145332	1,80	21,13	AAAAAAA put the WATER STONE / in the ITEMS.
3	194190	1,80	12,17	AAAAAAA found one REVIVE!
4	194298	1,80	12,17	AAAAAAA put the REVIVE / in the ITEMS.
1	74286	3,6	5,30	Access granted using the / RAINBOW KEY.
2	89946	3,8	30,9	Access granted using the / BOULDER KEY.
3	133662	1,45	11,12	SILPH CO.
4	134286	1,45	11,12	Bingo! / The CARD KEY opened the door!
5	134496	1,45	11,12	The door is open…
6	158436	11,5	7,4	Welcome to our POKéMON CENTER! / Would you like me to heal your / POKéMON back to perfect health?
7	172998	11,5	7,4	Oh, that’s a SOUL PASS. / POKéMON CENTER nurses can now / check how close your first / POKéMON feels to you.
8	187776	11,5	7,4	Have a great day!
9	187926	11,5	7,4	Welcome to our POKéMON CENTER! / Would you like me to heal your / POKéMON back to perfect health?
10	217800	11,5	7,4	Let me see the first POKéMON / in your party.
11	217986	11,5	7,4	It still seems wary of you. / Gentle care should help it feel / more secure.
12	218226	11,5	7,4	Welcome to our POKéMON CENTER! / Would you like me to heal your / POKéMON back to perfect health?
13	218526	11,5	7,4	Okay, I’ll take your POKéMON for a / few seconds.
14	219048	11,5	7,4	Thank you for waiting. / We’ve restored your POKéMON to / full health.
15	244848	1,45	33,18	SILPH CO.
16	273666	1,45	33,18	MARSH FINDER is / selected.
17	292452	1,45	33,18	Huh? / The MARSH FINDER’s responding! / There’s an item buried around here!Ì
18	332286	1,45	33,18	OAK: AAAAAAA! / This isn’t the time to use that!Ì
19	353466	1,45	11,12	No! / It needs a CARD KEY!
20	389082	1,82	9,3	SEAFOAM ISLANDS
21	440886	1,82	10,5	SOUL PASS is / selected.
22	441036	1,82	10,5	OAK: AAAAAAA! / This isn’t the time to use that!Ì
23	441666	1,82	10,5	SOUL PASS is / selected.
24	441696	1,82	10,5	OAK: AAAAAAA! / This isn’t the time to use that!Ì
25	441876	1,82	10,5	SOUL PASS is / selected.
26	441906	1,82	10,5	OAK: AAAAAAA! / This isn’t the time to use that!Ì
27	442086	1,82	10,5	SOUL PASS is / selected.
28	442116	1,82	10,5	OAK: AAAAAAA! / This isn’t the time to use that!Ì
29	478656	1,82	10,5	MARSH FINDER is / selected.
30	478956	1,82	10,5	Huh? / The MARSH FINDER’s responding! / There’s an item buried around here!Ì
1	55536	6,2	6,6	Now watch closely. / Some evolution happens through / interaction between TRAINERS. / Will you trade your ancient / POKéMON for my GRAVELER?
2	56166	6,2	6,6	RELICANTH will be / sent to BROCK.
3	56250	6,2	6,6	Bye-bye, RELICANTH!
4	57438	6,2	6,6	BROCK sent over GRAVELER.
5	57828	6,2	6,6	Take good care of GRAVELER!
6	74916	6,2	6,6	What? / GRAVELER is evolving!
7	76092	6,2	6,6	Congratulations! Your GRAVELER / evolved into GOLEM!こ /
8	83100	6,2	6,6	There it is... / GOLEM. / That’s trade evolution. / A change brought about by / exchange between TRAINERS.
9	83436	6,2	6,6	GOLEM is proof that evolution / can be shaped by connection. / Remember that as you continue / OAK’s research.
10	239904	7,5	8,8	Ready to trade GYARADOS? / Some POKéMON evolve when traded / while holding something natural. / My POLIWHIRL is holding a / KING’S ROCK. / Will you trade GYARADOS / for my POLIWHIRL?
11	256836	7,5	8,8	GYARADOS will be / sent to MISTY.
12	256920	7,5	8,8	Bye-bye, GYARADOS!
13	258108	7,5	8,8	MISTY sent over POLIWHIRL.
14	258438	7,5	8,8	Take good care of POLIWHIRL!
15	285096	7,5	8,8	What? / POLIWHIRL is evolving!
16	286206	7,5	8,8	Congratulations! Your POLIWHIRL / evolved into POLITOED!こ /
17	286530	7,5	8,8	There it is... / POLITOED! / A POLIWHIRL traded with a / KING’S ROCK can change into / something completely new.
18	286866	7,5	8,8	POLITOED is proof that evolution / can follow the flow of an item / and a trade. / Keep watching how beautifully / POKéMON can change.
19	309084	9,6	5,3	Hey, kid! / You’ve got a RAICHU with real / voltage, right? / I’ve got an ELECTABUZZ holding / an ELECTIRIZER. / Trade me your RAICHU for it?
20	309600	9,6	5,3	That’s not RAICHU, kid! / Bring me the real lightning rod.
21	309816	9,6	5,3	Hey, kid! / You’ve got a RAICHU with real / voltage, right? / I’ve got an ELECTABUZZ holding / an ELECTIRIZER. / Trade me your RAICHU for it?
22	310350	9,6	5,3	That’s not RAICHU, kid! / Bring me the real lightning rod.
23	310566	9,6	5,3	Hey, kid! / You’ve got a RAICHU with real / voltage, right? / I’ve got an ELECTABUZZ holding / an ELECTIRIZER. / Trade me your RAICHU for it?
24	311100	9,6	5,3	That’s not RAICHU, kid! / Bring me the real lightning rod.
25	311286	9,6	5,3	Hey, kid! / You’ve got a RAICHU with real / voltage, right? / I’ve got an ELECTABUZZ holding / an ELECTIRIZER. / Trade me your RAICHU for it?
26	311820	9,6	5,3	That’s not RAICHU, kid! / Bring me the real lightning rod.
27	312036	9,6	5,3	Hey, kid! / You’ve got a RAICHU with real / voltage, right? / I’ve got an ELECTABUZZ holding / an ELECTIRIZER. / Trade me your RAICHU for it?
28	312570	9,6	5,3	That’s not RAICHU, kid! / Bring me the real lightning rod.
29	312756	9,6	5,3	Hey, kid! / You’ve got a RAICHU with real / voltage, right? / I’ve got an ELECTABUZZ holding / an ELECTIRIZER. / Trade me your RAICHU for it?
30	313290	9,6	5,3	That’s not RAICHU, kid! / Bring me the real lightning rod.
31	313506	9,6	5,3	Hey, kid! / You’ve got a RAICHU with real / voltage, right? / I’ve got an ELECTABUZZ holding / an ELECTIRIZER. / Trade me your RAICHU for it?
32	314040	9,6	5,3	That’s not RAICHU, kid! / Bring me the real lightning rod.
33	314256	9,6	5,3	Hey, kid! / You’ve got a RAICHU with real / voltage, right? / I’ve got an ELECTABUZZ holding / an ELECTIRIZER. / Trade me your RAICHU for it?
34	314790	9,6	5,3	That’s not RAICHU, kid! / Bring me the real lightning rod.
35	315006	9,6	5,3	Hey, kid! / You’ve got a RAICHU with real / voltage, right? / I’ve got an ELECTABUZZ holding / an ELECTIRIZER. / Trade me your RAICHU for it?
36	315540	9,6	5,3	That’s not RAICHU, kid! / Bring me the real lightning rod.
37	315756	9,6	5,3	Hey, kid! / You’ve got a RAICHU with real / voltage, right? / I’ve got an ELECTABUZZ holding / an ELECTIRIZER. / Trade me your RAICHU for it?
38	316290	9,6	5,3	That’s not RAICHU, kid! / Bring me the real lightning rod.
39	316506	9,6	5,3	Hey, kid! / You’ve got a RAICHU with real / voltage, right? / I’ve got an ELECTABUZZ holding / an ELECTIRIZER. / Trade me your RAICHU for it?
40	317040	9,6	5,3	That’s not RAICHU, kid! / Bring me the real lightning rod.
41	317256	9,6	5,3	Hey, kid! / You’ve got a RAICHU with real / voltage, right? / I’ve got an ELECTABUZZ holding / an ELECTIRIZER. / Trade me your RAICHU for it?
42	317790	9,6	5,3	That’s not RAICHU, kid! / Bring me the real lightning rod.
43	318006	9,6	5,3	Hey, kid! / You’ve got a RAICHU with real / voltage, right? / I’ve got an ELECTABUZZ holding / an ELECTIRIZER. / Trade me your RAICHU for it?
44	318540	9,6	5,3	That’s not RAICHU, kid! / Bring me the real lightning rod.
45	318756	9,6	5,3	Hey, kid! / You’ve got a RAICHU with real / voltage, right? / I’ve got an ELECTABUZZ holding / an ELECTIRIZER. / Trade me your RAICHU for it?
46	319290	9,6	5,3	That’s not RAICHU, kid! / Bring me the real lightning rod.
47	319506	9,6	5,3	Hey, kid! / You’ve got a RAICHU with real / voltage, right? / I’ve got an ELECTABUZZ holding / an ELECTIRIZER. / Trade me your RAICHU for it?
48	320040	9,6	5,3	That’s not RAICHU, kid! / Bring me the real lightning rod.
49	320256	9,6	5,3	Hey, kid! / You’ve got a RAICHU with real / voltage, right? / I’ve got an ELECTABUZZ holding / an ELECTIRIZER. / Trade me your RAICHU for it?
50	320790	9,6	5,3	That’s not RAICHU, kid! / Bring me the real lightning rod.
51	321006	9,6	5,3	Hey, kid! / You’ve got a RAICHU with real / voltage, right? / I’ve got an ELECTABUZZ holding / an ELECTIRIZER. / Trade me your RAICHU for it?
52	321540	9,6	5,3	That’s not RAICHU, kid! / Bring me the real lightning rod.
53	321756	9,6	5,3	Hey, kid! / You’ve got a RAICHU with real / voltage, right? / I’ve got an ELECTABUZZ holding / an ELECTIRIZER. / Trade me your RAICHU for it?
54	322290	9,6	5,3	That’s not RAICHU, kid! / Bring me the real lightning rod.
55	322506	9,6	5,3	Hey, kid! / You’ve got a RAICHU with real / voltage, right? / I’ve got an ELECTABUZZ holding / an ELECTIRIZER. / Trade me your RAICHU for it?
56	323040	9,6	5,3	That’s not RAICHU, kid! / Bring me the real lightning rod.
57	323256	9,6	5,3	Hey, kid! / You’ve got a RAICHU with real / voltage, right? / I’ve got an ELECTABUZZ holding / an ELECTIRIZER. / Trade me your RAICHU for it?
58	323790	9,6	5,3	That’s not RAICHU, kid! / Bring me the real lightning rod.
59	324006	9,6	5,3	Hey, kid! / You’ve got a RAICHU with real / voltage, right? / I’ve got an ELECTABUZZ holding / an ELECTIRIZER. / Trade me your RAICHU for it?
60	324540	9,6	5,3	That’s not RAICHU, kid! / Bring me the real lightning rod.
61	324756	9,6	5,3	Hey, kid! / You’ve got a RAICHU with real / voltage, right? / I’ve got an ELECTABUZZ holding / an ELECTIRIZER. / Trade me your RAICHU for it?
62	325290	9,6	5,3	That’s not RAICHU, kid! / Bring me the real lightning rod.
63	325476	9,6	5,3	Hey, kid! / You’ve got a RAICHU with real / voltage, right? / I’ve got an ELECTABUZZ holding / an ELECTIRIZER. / Trade me your RAICHU for it?
64	326010	9,6	5,3	That’s not RAICHU, kid! / Bring me the real lightning rod.
65	326226	9,6	5,3	Hey, kid! / You’ve got a RAICHU with real / voltage, right? / I’ve got an ELECTABUZZ holding / an ELECTIRIZER. / Trade me your RAICHU for it?
66	326760	9,6	5,3	That’s not RAICHU, kid! / Bring me the real lightning rod.
67	326946	9,6	5,3	Hey, kid! / You’ve got a RAICHU with real / voltage, right? / I’ve got an ELECTABUZZ holding / an ELECTIRIZER. / Trade me your RAICHU for it?
68	327480	9,6	5,3	That’s not RAICHU, kid! / Bring me the real lightning rod.
69	327696	9,6	5,3	Hey, kid! / You’ve got a RAICHU with real / voltage, right? / I’ve got an ELECTABUZZ holding / an ELECTIRIZER. / Trade me your RAICHU for it?
70	328230	9,6	5,3	That’s not RAICHU, kid! / Bring me the real lightning rod.
71	328446	9,6	5,3	Hey, kid! / You’ve got a RAICHU with real / voltage, right? / I’ve got an ELECTABUZZ holding / an ELECTIRIZER. / Trade me your RAICHU for it?
72	328980	9,6	5,3	That’s not RAICHU, kid! / Bring me the real lightning rod.
73	329196	9,6	5,3	Hey, kid! / You’ve got a RAICHU with real / voltage, right? / I’ve got an ELECTABUZZ holding / an ELECTIRIZER. / Trade me your RAICHU for it?
74	329730	9,6	5,3	That’s not RAICHU, kid! / Bring me the real lightning rod.
75	329946	9,6	5,3	Hey, kid! / You’ve got a RAICHU with real / voltage, right? / I’ve got an ELECTABUZZ holding / an ELECTIRIZER. / Trade me your RAICHU for it?
76	330480	9,6	5,3	That’s not RAICHU, kid! / Bring me the real lightning rod.
77	330696	9,6	5,3	Hey, kid! / You’ve got a RAICHU with real / voltage, right? / I’ve got an ELECTABUZZ holding / an ELECTIRIZER. / Trade me your RAICHU for it?
78	331230	9,6	5,3	That’s not RAICHU, kid! / Bring me the real lightning rod.
79	331446	9,6	5,3	Hey, kid! / You’ve got a RAICHU with real / voltage, right? / I’ve got an ELECTABUZZ holding / an ELECTIRIZER. / Trade me your RAICHU for it?
80	331980	9,6	5,3	That’s not RAICHU, kid! / Bring me the real lightning rod.
81	332196	9,6	5,3	Hey, kid! / You’ve got a RAICHU with real / voltage, right? / I’ve got an ELECTABUZZ holding / an ELECTIRIZER. / Trade me your RAICHU for it?
82	332730	9,6	5,3	That’s not RAICHU, kid! / Bring me the real lightning rod.
83	332916	9,6	5,3	Hey, kid! / You’ve got a RAICHU with real / voltage, right? / I’ve got an ELECTABUZZ holding / an ELECTIRIZER. / Trade me your RAICHU for it?
84	333450	9,6	5,3	That’s not RAICHU, kid! / Bring me the real lightning rod.
85	333666	9,6	5,3	Hey, kid! / You’ve got a RAICHU with real / voltage, right? / I’ve got an ELECTABUZZ holding / an ELECTIRIZER. / Trade me your RAICHU for it?
86	334200	9,6	5,3	That’s not RAICHU, kid! / Bring me the real lightning rod.
87	334416	9,6	5,3	Hey, kid! / You’ve got a RAICHU with real / voltage, right? / I’ve got an ELECTABUZZ holding / an ELECTIRIZER. / Trade me your RAICHU for it?
88	334950	9,6	5,3	That’s not RAICHU, kid! / Bring me the real lightning rod.
89	335166	9,6	5,3	Hey, kid! / You’ve got a RAICHU with real / voltage, right? / I’ve got an ELECTABUZZ holding / an ELECTIRIZER. / Trade me your RAICHU for it?
90	335700	9,6	5,3	That’s not RAICHU, kid! / Bring me the real lightning rod.
91	335916	9,6	5,3	Hey, kid! / You’ve got a RAICHU with real / voltage, right? / I’ve got an ELECTABUZZ holding / an ELECTIRIZER. / Trade me your RAICHU for it?
92	336450	9,6	5,3	That’s not RAICHU, kid! / Bring me the real lightning rod.
93	336666	9,6	5,3	Hey, kid! / You’ve got a RAICHU with real / voltage, right? / I’ve got an ELECTABUZZ holding / an ELECTIRIZER. / Trade me your RAICHU for it?
94	337200	9,6	5,3	That’s not RAICHU, kid! / Bring me the real lightning rod.
95	337416	9,6	5,3	Hey, kid! / You’ve got a RAICHU with real / voltage, right? / I’ve got an ELECTABUZZ holding / an ELECTIRIZER. / Trade me your RAICHU for it?
96	337950	9,6	5,3	That’s not RAICHU, kid! / Bring me the real lightning rod.
97	338166	9,6	5,3	Hey, kid! / You’ve got a RAICHU with real / voltage, right? / I’ve got an ELECTABUZZ holding / an ELECTIRIZER. / Trade me your RAICHU for it?
98	338700	9,6	5,3	That’s not RAICHU, kid! / Bring me the real lightning rod.
99	338904	10,16	6,5	Thank you for coming. / Your challenge in VIRIDIAN FOREST / was witnessed and official. / That forest reminded me that / growth comes through friendship. / Some POKéMON even evolve when / that friendship is allowed to / flourish. / When people and POKéMON support / one another, all may bloom. / You have already earned the / RAINBOWBADGE. / Now, please accept a POKéMON / that shows how friendship can / help life bloom.
100	340134	10,16	6,5	Please also accept this BUDEW. / Raise it with kindness, and one / day friendship may help it bloom.
101	340440	10,16	6,5	AAAAAAA received BUDEW / from ERIKA.
102	340530	10,16	6,5	Do you want to give a nickname to / this BUDEW?
103	340746	10,16	6,5	BUDEW evolves through friendship / during the day. / Care for it well, and it will show / you how trust becomes growth.
104	341106	10,16	6,5	Raise BUDEW with kindness during / the day. / When ROSELIA is recorded in your / POKéDEX, our lesson will bloom.
105	360504	14,3	14,12	SABRINA: Your calm presence / earned this CHINGLING’s trust. / I would like you to take it / with you on your journey.
106	360840	14,3	14,12	AAAAAAA received CHINGLING / from SABRINA!
107	360954	14,3	14,12	Do you want to give a nickname to / this CHINGLING?
108	361164	14,3	14,12	CHINGLING already feels close / to you. Nurture that friendship. / When its bond is strong enough, / it can evolve into CHIMECHO / by leveling up at night.
109	361644	14,3	14,12	POKéMON TOWER’s astral pressure / has settled. / The MARSHBADGE is proof that your / mind held firm within it.
110	385194	11,3	7,7	KOGA: Fwahahaha! / The LAVIC STONE is secure, and / your challenge was witnessed. / You earned the SOULBADGE in / CINNABAR VOLCANO. / Accept another tool of / togetherness.
111	385674	11,3	7,7	Take this GOLBAT as well. / It has trained beside my clan and / understands the strength of trust.
112	385950	11,3	7,7	AAAAAAA received GOLBAT / from KOGA.
113	386040	11,3	7,7	Do you want to give a nickname to / this GOLBAT?
114	386238	11,3	7,7	GOLBAT evolves through friendship. / Move with it as one, and it may / become a CROBAT.
115	386538	11,3	7,7	Train beside GOLBAT and earn / its trust. / When CROBAT is recorded in your / POKéDEX, the lesson is complete.
116	405774	9,6	5,3	Hey, kid! / You’ve got a RAICHU with real / voltage, right? / I’ve got an ELECTABUZZ holding / an ELECTIRIZER. / Trade me your RAICHU for it?
117	459462	9,6	5,3	RAICHU will be / sent to SURGE.
118	459540	9,6	5,3	Bye-bye, RAICHU!
119	460728	9,6	5,3	SURGE sent over ELECTABUZZ.
120	461130	9,6	5,3	Take good care of ELECTABUZZ!
121	461196	9,6	5,3	What? / ELECTABUZZ is evolving!
122	462390	9,6	5,3	Congratulations! Your ELECTABUZZ / evolved into ELECTIVIRE!こ /
123	462720	9,6	5,3	Hah! / Now that’s a power surge! / That ELECTIRIZER ought to wake up / something fierce in ELECTABUZZ.
124	463026	9,6	5,3	That ELECTABUZZ was built for / serious output. / Keep it charged, kid!
125	524136	9,6	5,3	RARE CANDY is / selected.
126	524208	9,6	5,3	Use on which POKéMON?
127	524304	9,6	5,3	BUDEW was elevated to / Lv. 31.
128	524526	9,6	5,3	RARE CANDY is / selected.
129	524598	9,6	5,3	Use on which POKéMON?
130	524694	9,6	5,3	BUDEW was elevated to / Lv. 32.
131	524916	9,6	5,3	RARE CANDY is / selected.
132	524988	9,6	5,3	Use on which POKéMON?
133	525084	9,6	5,3	BUDEW was elevated to / Lv. 33.
134	525306	9,6	5,3	RARE CANDY is / selected.
135	525378	9,6	5,3	Use on which POKéMON?
136	525474	9,6	5,3	BUDEW was elevated to / Lv. 34.
137	525696	9,6	5,3	RARE CANDY is / selected.
138	525768	9,6	5,3	Use on which POKéMON?
139	525864	9,6	5,3	BUDEW was elevated to / Lv. 35.
140	526086	9,6	5,3	RARE CANDY is / selected.
141	526152	9,6	5,3	Use on which POKéMON?
142	526254	9,6	5,3	BUDEW was elevated to / Lv. 36.
143	526476	9,6	5,3	RARE CANDY is / selected.
144	526542	9,6	5,3	Use on which POKéMON?
145	526644	9,6	5,3	BUDEW was elevated to / Lv. 37.
146	526866	9,6	5,3	RARE CANDY is / selected.
147	526938	9,6	5,3	Use on which POKéMON?
148	527034	9,6	5,3	BUDEW was elevated to / Lv. 38.
149	527256	9,6	5,3	RARE CANDY is / selected.
150	527328	9,6	5,3	Use on which POKéMON?
151	527424	9,6	5,3	BUDEW was elevated to / Lv. 39.
152	527646	9,6	5,3	RARE CANDY is / selected.
153	527718	9,6	5,3	Use on which POKéMON?
154	527814	9,6	5,3	BUDEW was elevated to / Lv. 40.
155	528036	9,6	5,3	RARE CANDY is / selected.
156	528108	9,6	5,3	Use on which POKéMON?
157	528204	9,6	5,3	BUDEW was elevated to / Lv. 41.
158	528426	9,6	5,3	RARE CANDY is / selected.
159	528498	9,6	5,3	Use on which POKéMON?
160	528594	9,6	5,3	BUDEW was elevated to / Lv. 42.
161	528816	9,6	5,3	RARE CANDY is / selected.
162	528882	9,6	5,3	Use on which POKéMON?
163	528984	9,6	5,3	BUDEW was elevated to / Lv. 43.
164	529206	9,6	5,3	RARE CANDY is / selected.
165	529278	9,6	5,3	Use on which POKéMON?
166	529374	9,6	5,3	BUDEW was elevated to / Lv. 44.
167	529596	9,6	5,3	RARE CANDY is / selected.
168	529668	9,6	5,3	Use on which POKéMON?
169	529764	9,6	5,3	BUDEW was elevated to / Lv. 45.
170	529986	9,6	5,3	RARE CANDY is / selected.
171	530058	9,6	5,3	Use on which POKéMON?
172	530154	9,6	5,3	BUDEW was elevated to / Lv. 46.
173	530376	9,6	5,3	RARE CANDY is / selected.
174	530442	9,6	5,3	Use on which POKéMON?
175	530544	9,6	5,3	BUDEW was elevated to / Lv. 47.
176	530766	9,6	5,3	RARE CANDY is / selected.
177	530838	9,6	5,3	Use on which POKéMON?
178	530934	9,6	5,3	BUDEW was elevated to / Lv. 48.
179	531156	9,6	5,3	RARE CANDY is / selected.
180	531228	9,6	5,3	Use on which POKéMON?
181	531324	9,6	5,3	BUDEW was elevated to / Lv. 49.
182	531546	9,6	5,3	RARE CANDY is / selected.
183	531612	9,6	5,3	Use on which POKéMON?
184	531714	9,6	5,3	BUDEW was elevated to / Lv. 50.
185	531936	9,6	5,3	RARE CANDY is / selected.
186	532002	9,6	5,3	Use on which POKéMON?
187	532104	9,6	5,3	BUDEW was elevated to / Lv. 51.
188	532326	9,6	5,3	RARE CANDY is / selected.
189	532398	9,6	5,3	Use on which POKéMON?
190	532494	9,6	5,3	BUDEW was elevated to / Lv. 52.
191	532716	9,6	5,3	RARE CANDY is / selected.
192	532788	9,6	5,3	Use on which POKéMON?
193	532884	9,6	5,3	BUDEW was elevated to / Lv. 53.
194	533106	9,6	5,3	RARE CANDY is / selected.
195	533172	9,6	5,3	Use on which POKéMON?
196	533274	9,6	5,3	BUDEW was elevated to / Lv. 54.
197	533496	9,6	5,3	RARE CANDY is / selected.
198	533568	9,6	5,3	Use on which POKéMON?
199	533664	9,6	5,3	BUDEW was elevated to / Lv. 55.
200	533886	9,6	5,3	RARE CANDY is / selected.
201	533958	9,6	5,3	Use on which POKéMON?
202	534054	9,6	5,3	BUDEW was elevated to / Lv. 56.
203	534276	9,6	5,3	RARE CANDY is / selected.
204	534348	9,6	5,3	Use on which POKéMON?
205	534444	9,6	5,3	BUDEW was elevated to / Lv. 57.
206	534666	9,6	5,3	RARE CANDY is / selected.
207	534738	9,6	5,3	Use on which POKéMON?
208	534834	9,6	5,3	BUDEW was elevated to / Lv. 58.
209	535056	9,6	5,3	RARE CANDY is / selected.
210	535128	9,6	5,3	Use on which POKéMON?
211	535224	9,6	5,3	BUDEW was elevated to / Lv. 59.
212	535446	9,6	5,3	RARE CANDY is / selected.
213	535518	9,6	5,3	Use on which POKéMON?
214	535614	9,6	5,3	BUDEW was elevated to / Lv. 60.
215	535836	9,6	5,3	RARE CANDY is / selected.
216	535908	9,6	5,3	Use on which POKéMON?
217	536004	9,6	5,3	BUDEW was elevated to / Lv. 61.
218	536226	9,6	5,3	RARE CANDY is / selected.
219	536298	9,6	5,3	Use on which POKéMON?
220	536394	9,6	5,3	BUDEW was elevated to / Lv. 62.
221	536616	9,6	5,3	RARE CANDY is / selected.
222	536688	9,6	5,3	Use on which POKéMON?
223	536784	9,6	5,3	BUDEW was elevated to / Lv. 63.
224	537006	9,6	5,3	RARE CANDY is / selected.
225	537078	9,6	5,3	Use on which POKéMON?
226	537174	9,6	5,3	BUDEW was elevated to / Lv. 64.
227	537396	9,6	5,3	RARE CANDY is / selected.
228	537468	9,6	5,3	Use on which POKéMON?
229	537564	9,6	5,3	BUDEW was elevated to / Lv. 65.
230	537786	9,6	5,3	RARE CANDY is / selected.
231	537858	9,6	5,3	Use on which POKéMON?
232	537954	9,6	5,3	BUDEW was elevated to / Lv. 66.
233	538176	9,6	5,3	RARE CANDY is / selected.
234	538248	9,6	5,3	Use on which POKéMON?
235	538344	9,6	5,3	BUDEW was elevated to / Lv. 67.
236	538566	9,6	5,3	RARE CANDY is / selected.
237	538638	9,6	5,3	Use on which POKéMON?
238	538734	9,6	5,3	BUDEW was elevated to / Lv. 68.
239	538956	9,6	5,3	RARE CANDY is / selected.
240	539022	9,6	5,3	Use on which POKéMON?
241	539124	9,6	5,3	BUDEW was elevated to / Lv. 69.
242	539346	9,6	5,3	RARE CANDY is / selected.
243	539412	9,6	5,3	Use on which POKéMON?
244	539514	9,6	5,3	BUDEW was elevated to / Lv. 70.
245	539736	9,6	5,3	RARE CANDY is / selected.
246	539808	9,6	5,3	Use on which POKéMON?
247	539904	9,6	5,3	BUDEW was elevated to / Lv. 71.
248	540126	9,6	5,3	RARE CANDY is / selected.
249	540198	9,6	5,3	Use on which POKéMON?
250	540294	9,6	5,3	BUDEW was elevated to / Lv. 72.
251	540516	9,6	5,3	RARE CANDY is / selected.
252	540588	9,6	5,3	Use on which POKéMON?
253	540684	9,6	5,3	BUDEW was elevated to / Lv. 73.
254	540906	9,6	5,3	RARE CANDY is / selected.
255	540978	9,6	5,3	Use on which POKéMON?
256	541074	9,6	5,3	BUDEW was elevated to / Lv. 74.
257	541296	9,6	5,3	RARE CANDY is / selected.
258	541368	9,6	5,3	Use on which POKéMON?
259	541464	9,6	5,3	BUDEW was elevated to / Lv. 75.
260	541686	9,6	5,3	RARE CANDY is / selected.
261	541752	9,6	5,3	Use on which POKéMON?
262	541854	9,6	5,3	BUDEW was elevated to / Lv. 76.
263	542076	9,6	5,3	RARE CANDY is / selected.
264	542148	9,6	5,3	Use on which POKéMON?
265	542244	9,6	5,3	BUDEW was elevated to / Lv. 77.
266	542466	9,6	5,3	RARE CANDY is / selected.
267	542538	9,6	5,3	Use on which POKéMON?
268	542634	9,6	5,3	BUDEW was elevated to / Lv. 78.
269	542856	9,6	5,3	RARE CANDY is / selected.
270	542928	9,6	5,3	Use on which POKéMON?
271	543024	9,6	5,3	BUDEW was elevated to / Lv. 79.
272	580464	9,6	5,3	What? / BUDEW is evolving!
273	581658	9,6	5,3	Congratulations! Your BUDEW / evolved into ROSELIA!こ /
274	608436	9,6	5,3	RARE CANDY is / selected.
275	608508	9,6	5,3	Use on which POKéMON?
276	608604	9,6	5,3	CHINGLING was elevated to / Lv. 31.
277	608826	9,6	5,3	RARE CANDY is / selected.
278	608898	9,6	5,3	Use on which POKéMON?
279	608994	9,6	5,3	CHINGLING was elevated to / Lv. 32.
280	609216	9,6	5,3	RARE CANDY is / selected.
281	609282	9,6	5,3	Use on which POKéMON?
282	609384	9,6	5,3	CHINGLING was elevated to / Lv. 33.
283	609606	9,6	5,3	RARE CANDY is / selected.
284	609678	9,6	5,3	Use on which POKéMON?
285	609774	9,6	5,3	CHINGLING was elevated to / Lv. 34.
286	609996	9,6	5,3	RARE CANDY is / selected.
287	610068	9,6	5,3	Use on which POKéMON?
288	610164	9,6	5,3	CHINGLING was elevated to / Lv. 35.
289	610386	9,6	5,3	RARE CANDY is / selected.
290	610452	9,6	5,3	Use on which POKéMON?
291	610554	9,6	5,3	CHINGLING was elevated to / Lv. 36.
292	610776	9,6	5,3	RARE CANDY is / selected.
293	610848	9,6	5,3	Use on which POKéMON?
294	610944	9,6	5,3	CHINGLING was elevated to / Lv. 37.
295	611166	9,6	5,3	RARE CANDY is / selected.
296	611232	9,6	5,3	Use on which POKéMON?
297	611334	9,6	5,3	CHINGLING was elevated to / Lv. 38.
298	611496	9,6	5,3	CHINGLING wants to learn the / move HEAL BELL. / However, CHINGLING already / knows four moves. / Should a move be deleted and / replaced with HEAL BELL?
299	612192	9,6	5,3	1, ËÔ2, andËÔ… ËÔ… ËÔ… ËÔŒぅ Poof! / CHINGLING forgot how to / use CONFUSION. / And...Ì
300	612516	9,6	5,3	CHINGLING learned / HEAL BELL!
301	635496	9,6	5,3	RARE CANDY is / selected.
302	635568	9,6	5,3	Use on which POKéMON?
303	635664	9,6	5,3	CHINGLING was elevated to / Lv. 39.
304	635886	9,6	5,3	RARE CANDY is / selected.
305	635958	9,6	5,3	Use on which POKéMON?
306	636054	9,6	5,3	CHINGLING was elevated to / Lv. 40.
307	725976	9,6	5,3	RARE CANDY is / selected.
308	726048	9,6	5,3	Use on which POKéMON?
309	726144	9,6	5,3	CHINGLING was elevated to / Lv. 41.
310	726354	9,6	5,3	What? / CHINGLING is evolving!
311	727572	9,6	5,3	Congratulations! Your CHINGLING / evolved into CHIMECHO!こ /
312	754956	9,6	5,3	RARE CANDY is / selected.
313	755028	9,6	5,3	Use on which POKéMON?
314	755124	9,6	5,3	GOLBAT was elevated to / Lv. 31.
315	755346	9,6	5,3	RARE CANDY is / selected.
316	755418	9,6	5,3	Use on which POKéMON?
317	755514	9,6	5,3	GOLBAT was elevated to / Lv. 32.
318	755736	9,6	5,3	RARE CANDY is / selected.
319	755802	9,6	5,3	Use on which POKéMON?
320	755904	9,6	5,3	GOLBAT was elevated to / Lv. 33.
321	756126	9,6	5,3	RARE CANDY is / selected.
322	756198	9,6	5,3	Use on which POKéMON?
323	756294	9,6	5,3	GOLBAT was elevated to / Lv. 34.
324	756516	9,6	5,3	RARE CANDY is / selected.
325	756582	9,6	5,3	Use on which POKéMON?
326	756684	9,6	5,3	GOLBAT was elevated to / Lv. 35.
327	756846	9,6	5,3	GOLBAT wants to learn the / move AIR CUTTER. / However, GOLBAT already / knows four moves. / Should a move be deleted and / replaced with AIR CUTTER?
328	757512	9,6	5,3	1, ËÔ2, andËÔ… ËÔ… ËÔ… ËÔŒぅ Poof! / GOLBAT forgot how to / use SUPERSONIC. / And...Ì
329	757836	9,6	5,3	GOLBAT learned / AIR CUTTER!
330	758076	9,6	5,3	RARE CANDY is / selected.
331	758142	9,6	5,3	Use on which POKéMON?
332	758244	9,6	5,3	GOLBAT was elevated to / Lv. 36.
333	758466	9,6	5,3	RARE CANDY is / selected.
334	758538	9,6	5,3	Use on which POKéMON?
335	758634	9,6	5,3	GOLBAT was elevated to / Lv. 37.
336	758856	9,6	5,3	RARE CANDY is / selected.
337	758928	9,6	5,3	Use on which POKéMON?
338	759024	9,6	5,3	GOLBAT was elevated to / Lv. 38.
339	759246	9,6	5,3	RARE CANDY is / selected.
340	759318	9,6	5,3	Use on which POKéMON?
341	759414	9,6	5,3	GOLBAT was elevated to / Lv. 39.
342	759636	9,6	5,3	RARE CANDY is / selected.
343	759708	9,6	5,3	Use on which POKéMON?
344	759804	9,6	5,3	GOLBAT was elevated to / Lv. 40.
345	760014	9,6	5,3	What? / GOLBAT is evolving!
346	761220	9,6	5,3	Congratulations! Your GOLBAT / evolved into CROBAT!こ /
347	787380	10,16	6,5	Your POKéDEX records ROSELIA. / Friendship has guided growth into / bloom. Wonderful.
348	787674	10,16	6,5	You are cataloging POKéMON? / I must say I’m impressed. / I would never collect POKéMON if / they were unattractive.
349	802290	11,3	7,7	KOGA: Fwahahaha! / Your POKéDEX records CROBAT. / Trust has sharpened your strength / into something worthy.
350	802644	11,3	7,7	KOGA: True strength is not only / hidden in the self. / It sharpens when a community / moves together.
351	847374	14,3	14,12	POKéMON TOWER’s astral pressure / has settled. / The MARSHBADGE is proof that your / mind held firm within it.
